{"type":"FeatureCollection","features":[{"type":"Feature","geometry":{"type":"Polygon","coordinates":[[[150.696991,-33.748775],[150.696994,-33.748781],[150.697079,-33.748804],[150.697123,-33.748786],[150.697124,-33.748782],[150.697119,-33.748774],[150.697142,-33.748765],[150.697162,-33.748801],[150.69722,-33.748779],[150.697206,-33.748753],[150.697225,-33.748746],[150.697231,-33.748756],[150.697299,-33.74873],[150.697288,-33.74871],[150.697345,-33.748688],[150.697342,-33.748681],[150.697363,-33.748673],[150.697369,-33.748684],[150.697399,-33.748673],[150.697408,-33.748689],[150.697495,-33.748655],[150.69747,-33.74861],[150.697464,-33.748612],[150.697419,-33.74853],[150.697428,-33.748527],[150.697405,-33.748486],[150.697303,-33.748525],[150.697311,-33.748539],[150.697297,-33.748545],[150.697288,-33.748529],[150.69723,-33.748551],[150.697238,-33.748566],[150.697223,-33.748572],[150.697215,-33.748558],[150.697138,-33.748587],[150.697149,-33.748606],[150.697115,-33.748619],[150.697102,-33.748595],[150.697097,-33.748594],[150.697054,-33.74861],[150.69705,-33.748614],[150.696991,-33.748775]]]},"properties":{"id":"b_000001","label":"101A Lord Sheffield Circuit, Penrith","suburb":"Penrith","storeys":7,"storeys_source":"osm","flats_est":64,"footprint_m2":845.4,"roof_m2":845.4,"heat_anomaly_c":-0.98,"heat_band":"cooler","renter_share":0.746,"quick_score":31}},{"type":"Feature","geometry":{"type":"Polygon","coordinates":[[[150.697451,-33.748468],[150.697544,-33.748636],[150.697648,-33.748597],[150.697634,-33.748572],[150.697667,-33.74856],[150.697669,-33.748563],[150.697725,-33.748542],[150.697736,-33.748561],[150.697807,-33.748534],[150.697799,-33.748518],[150.697816,-33.748512],[150.697824,-33.748528],[150.697914,-33.748494],[150.697823,-33.748327],[150.697451,-33.748468]]]},"properties":{"id":"b_000002","label":"101C Lord Sheffield Circuit, Penrith","suburb":"Penrith","storeys":7,"storeys_source":"osm","flats_est":49,"footprint_m2":744.0,"roof_m2":744.0,"heat_anomaly_c":-1.27,"heat_band":"cooler","renter_share":0.746,"quick_score":28}},{"type":"Feature","geometry":{"type":"Polygon","coordinates":[[[150.697249,-33.748905],[150.697319,-33.749035],[150.697441,-33.748989],[150.697429,-33.748966],[150.697448,-33.748959],[150.69746,-33.748981],[150.697632,-33.748916],[150.697622,-33.748898],[150.697654,-33.748886],[150.697594,-33.748776],[150.697249,-33.748905]]]},"properties":{"id":"b_000003","label":"101B Lord Sheffield Circuit, Penrith","suburb":"Penrith","storeys":4,"storeys_source":"osm","flats_est":19,"footprint_m2":540.1,"roof_m2":540.1,"heat_anomaly_c":-0.85,"heat_band":"cooler","renter_share":0.746,"quick_score":32}},{"type":"Feature","geometry":{"type":"Polygon","coordinates":[[[150.697645,-33.748756],[150.697707,-33.74887],[150.697741,-33.748857],[150.697749,-33.748872],[150.697919,-33.748809],[150.697907,-33.748787],[150.697927,-33.748779],[150.69794,-33.748803],[150.698065,-33.748756],[150.697994,-33.748626],[150.697645,-33.748756]]]},"properties":{"id":"b_000004","label":"101D Lord Sheffield Circuit, Penrith","suburb":"Penrith","storeys":4,"storeys_source":"osm","flats_est":19,"footprint_m2":546.7,"roof_m2":546.7,"heat_anomaly_c":-0.92,"heat_band":"cooler","renter_share":0.746,"quick_score":31}},{"type":"Feature","geometry":{"type":"Polygon","coordinates":[[[150.697486,-33.749263],[150.697533,-33.749352],[150.697584,-33.749332],[150.697592,-33.749348],[150.697535,-33.749371],[150.69758,-33.749456],[150.697605,-33.749447],[150.697617,-33.749469],[150.697586,-33.74948],[150.697618,-33.749539],[150.69763,-33.749534],[150.697654,-33.74958],[150.697658,-33.749606],[150.697631,-33.749666],[150.697737,-33.749704],[150.697797,-33.749597],[150.697832,-33.749665],[150.697928,-33.749626],[150.697878,-33.749531],[150.697866,-33.749535],[150.697855,-33.749512],[150.697883,-33.749501],[150.697857,-33.74945],[150.697837,-33.749457],[150.697773,-33.74948],[150.697766,-33.749467],[150.69783,-33.749445],[150.697797,-33.749382],[150.69778,-33.749388],[150.697769,-33.749368],[150.697805,-33.749354],[150.697769,-33.749286],[150.697749,-33.749293],[150.697692,-33.749187],[150.69759,-33.749224],[150.697598,-33.749239],[150.697566,-33.749252],[150.697558,-33.749237],[150.697486,-33.749263]]]},"properties":{"id":"b_000005","label":"81A Lord Sheffield Circuit, Penrith (block 3 of 3)","suburb":"Penrith","storeys":9,"storeys_source":"osm","flats_est":43,"footprint_m2":1131.7,"roof_m2":1131.7,"heat_anomaly_c":-0.08,"heat_band":"average","renter_share":0.746,"quick_score":45}},{"type":"Feature","geometry":{"type":"Polygon","coordinates":[[[150.697919,-33.749411],[150.697964,-33.749495],[150.697995,-33.749484],[150.698001,-33.749496],[150.69797,-33.749507],[150.698017,-33.749595],[150.698088,-33.749569],[150.698075,-33.749544],[150.698107,-33.749532],[150.698117,-33.749551],[150.698183,-33.749526],[150.69818,-33.74952],[150.698209,-33.749509],[150.698216,-33.749522],[150.698296,-33.749493],[150.698283,-33.749469],[150.698309,-33.749459],[150.698319,-33.749477],[150.698394,-33.749449],[150.698348,-33.749362],[150.698317,-33.749374],[150.698313,-33.749366],[150.698345,-33.749354],[150.6983,-33.749271],[150.698223,-33.749299],[150.698232,-33.749317],[150.698206,-33.749326],[150.698197,-33.749309],[150.69802,-33.749375],[150.698029,-33.749392],[150.698004,-33.749401],[150.697994,-33.749383],[150.697919,-33.749411]]]},"properties":{"id":"b_000006","label":"81A Lord Sheffield Circuit, Penrith (block 2 of 3)","suburb":"Penrith","storeys":9,"storeys_source":"osm","flats_est":31,"footprint_m2":808.3,"roof_m2":808.3,"heat_anomaly_c":0.39,"heat_band":"warm","renter_share":0.746,"quick_score":60}},{"type":"Feature","geometry":{"type":"Polygon","coordinates":[[[150.697781,-33.749148],[150.697864,-33.749301],[150.698234,-33.749163],[150.698151,-33.749009],[150.698078,-33.749036],[150.698091,-33.749059],[150.698062,-33.74907],[150.698049,-33.749047],[150.697978,-33.749074],[150.69799,-33.749097],[150.697961,-33.749108],[150.697949,-33.749085],[150.697883,-33.74911],[150.697895,-33.749132],[150.697865,-33.749143],[150.697853,-33.749121],[150.697781,-33.749148]]]},"properties":{"id":"b_000007","label":"81A Lord Sheffield Circuit, Penrith (block 1 of 3)","suburb":"Penrith","storeys":5,"storeys_source":"osm","flats_est":14,"footprint_m2":678.0,"roof_m2":678.0,"heat_anomaly_c":-0.21,"heat_band":"average","renter_share":0.746,"quick_score":42}},{"type":"Feature","geometry":{"type":"Polygon","coordinates":[[[150.706412,-33.754436],[150.706393,-33.754509],[150.706439,-33.754518],[150.706428,-33.754559],[150.706441,-33.754561],[150.706391,-33.754747],[150.706446,-33.754756],[150.706443,-33.754767],[150.706498,-33.754777],[150.706521,-33.754693],[150.706538,-33.754645],[150.706559,-33.754565],[150.706577,-33.754568],[150.706588,-33.754528],[150.706609,-33.754532],[150.706628,-33.754461],[150.706635,-33.754436],[150.70664,-33.754406],[150.706433,-33.754368],[150.706423,-33.754397],[150.706412,-33.754436]]]},"properties":{"id":"b_000008","label":"14 Henry Street, Penrith","suburb":"Penrith","storeys":3,"storeys_source":"osm","flats_est":30,"footprint_m2":610.3,"roof_m2":610.3,"heat_anomaly_c":1.12,"heat_band":"hottest","renter_share":0.748,"quick_score":77}},{"type":"Feature","geometry":{"type":"Polygon","coordinates":[[[150.685948,-33.75671],[150.686039,-33.756506],[150.685865,-33.756455],[150.685861,-33.756464],[150.685826,-33.756453],[150.685831,-33.756442],[150.685724,-33.756409],[150.685719,-33.756419],[150.685674,-33.756403],[150.685678,-33.756395],[150.685512,-33.756315],[150.685524,-33.756297],[150.685319,-33.756194],[150.68527,-33.756301],[150.685305,-33.756318],[150.685258,-33.756384],[150.685283,-33.756397],[150.685265,-33.756424],[150.685343,-33.756462],[150.685345,-33.756458],[150.685427,-33.756496],[150.685445,-33.756468],[150.685461,-33.756475],[150.685431,-33.756518],[150.68551,-33.756557],[150.685542,-33.756507],[150.6856,-33.756535],[150.685581,-33.756568],[150.68565,-33.75659],[150.685641,-33.756609],[150.685757,-33.756644],[150.685779,-33.756592],[150.685797,-33.756598],[150.685775,-33.75665],[150.685948,-33.75671]]]},"properties":{"id":"b_000009","label":"10 Ransley Street, Penrith (block 3 of 3)","suburb":"Penrith","storeys":5,"storeys_source":"osm","flats_est":84,"footprint_m2":1656.8,"roof_m2":1656.8,"heat_anomaly_c":-0.84,"heat_band":"cooler","renter_share":0.205,"quick_score":6}},{"type":"Feature","geometry":{"type":"Polygon","coordinates":[[[150.691426,-33.753685],[150.69107,-33.753593],[150.690945,-33.753926],[150.690992,-33.753938],[150.691081,-33.753961],[150.69116,-33.753982],[150.691168,-33.75396],[150.691175,-33.75394],[150.691309,-33.753941],[150.691377,-33.753761],[150.691395,-33.753766],[150.691426,-33.753685]]]},"properties":{"id":"b_000010","label":"50 Union Road, Penrith","suburb":"Penrith","storeys":4,"storeys_source":"osm","flats_est":53,"footprint_m2":1202.8,"roof_m2":1202.8,"heat_anomaly_c":0.45,"heat_band":"warm","renter_share":0.7,"quick_score":56}},{"type":"Feature","geometry":{"type":"Polygon","coordinates":[[[150.687826,-33.752839],[150.687756,-33.753051],[150.688027,-33.753113],[150.688035,-33.753088],[150.688096,-33.753102],[150.688144,-33.752958],[150.687988,-33.752922],[150.688002,-33.75288],[150.687826,-33.752839]]]},"properties":{"id":"b_000011","label":"8 John Tipping Grove, Penrith","suburb":"Penrith","storeys":6,"storeys_source":"osm","flats_est":32,"footprint_m2":687.2,"roof_m2":687.2,"heat_anomaly_c":-0.9,"heat_band":"cooler","renter_share":0.663,"quick_score":17}},{"type":"Feature","geometry":{"type":"Polygon","coordinates":[[[150.691195,-33.754251],[150.69122,-33.75411],[150.690838,-33.754062],[150.690763,-33.754496],[150.690955,-33.75452],[150.690958,-33.754504],[150.691141,-33.754521],[150.691168,-33.754367],[150.690987,-33.754344],[150.690982,-33.754363],[150.690909,-33.754352],[150.690933,-33.754222],[150.691195,-33.754251]]]},"properties":{"id":"b_000012","label":"15 Rodley Avenue, Penrith","suburb":"Penrith","storeys":3,"storeys_source":"osm","flats_est":25,"footprint_m2":1356.5,"roof_m2":1356.5,"heat_anomaly_c":-0.42,"heat_band":"cooler","renter_share":0.7,"quick_score":31}},{"type":"Feature","geometry":{"type":"Polygon","coordinates":[[[150.688417,-33.754002],[150.688288,-33.754001],[150.688289,-33.754036],[150.688263,-33.754036],[150.688263,-33.754001],[150.68813,-33.754002],[150.688132,-33.754092],[150.688163,-33.754092],[150.688164,-33.754224],[150.68813,-33.754224],[150.68813,-33.754318],[150.688279,-33.754316],[150.688278,-33.754302],[150.688298,-33.754301],[150.688298,-33.754318],[150.688422,-33.754318],[150.688421,-33.754226],[150.68839,-33.754226],[150.688388,-33.754089],[150.688419,-33.754088],[150.688417,-33.754002]]]},"properties":{"id":"b_000013","label":"12 Vista Street, Penrith","suburb":"Penrith","storeys":6,"storeys_source":"osm","flats_est":40,"footprint_m2":839.4,"roof_m2":839.4,"heat_anomaly_c":-0.67,"heat_band":"cooler","renter_share":0.663,"quick_score":20}},{"type":"Feature","geometry":{"type":"Polygon","coordinates":[[[150.68984,-33.753514],[150.689919,-33.753308],[150.689734,-33.753259],[150.689655,-33.753465],[150.68984,-33.753514]]]},"properties":{"id":"b_000014","label":"66-70 Union Road, Penrith (block 2 of 2)","suburb":"Penrith","storeys":3,"storeys_source":"assumed","flats_est":10,"footprint_m2":432.4,"roof_m2":432.4,"heat_anomaly_c":-0.48,"heat_band":"cooler","renter_share":0.663,"quick_score":21}},{"type":"Feature","geometry":{"type":"Polygon","coordinates":[[[150.689574,-33.75343],[150.689652,-33.753226],[150.689466,-33.753177],[150.689389,-33.753382],[150.689574,-33.75343]]]},"properties":{"id":"b_000015","label":"66-70 Union Road, Penrith (block 1 of 2)","suburb":"Penrith","storeys":3,"storeys_source":"assumed","flats_est":10,"footprint_m2":427.4,"roof_m2":427.4,"heat_anomaly_c":-0.48,"heat_band":"cooler","renter_share":0.663,"quick_score":21}},{"type":"Feature","geometry":{"type":"Polygon","coordinates":[[[150.689125,-33.753253],[150.689282,-33.753338],[150.689341,-33.753264],[150.689319,-33.753252],[150.68938,-33.753175],[150.689244,-33.753101],[150.689125,-33.753253]]]},"properties":{"id":"b_000016","label":"72-76 Union Road, Penrith (block 2 of 2)","suburb":"Penrith","storeys":3,"storeys_source":"assumed","flats_est":7,"footprint_m2":324.6,"roof_m2":324.6,"heat_anomaly_c":-0.67,"heat_band":"cooler","renter_share":0.663,"quick_score":20}},{"type":"Feature","geometry":{"type":"Polygon","coordinates":[[[150.689039,-33.75321],[150.689187,-33.753047],[150.68902,-33.752943],[150.688846,-33.753135],[150.688935,-33.753191],[150.688962,-33.753162],[150.689039,-33.75321]]]},"properties":{"id":"b_000017","label":"72-76 Union Road, Penrith (block 1 of 2)","suburb":"Penrith","storeys":3,"storeys_source":"assumed","flats_est":11,"footprint_m2":480.6,"roof_m2":480.6,"heat_anomaly_c":-0.8,"heat_band":"cooler","renter_share":0.663,"quick_score":19}},{"type":"Feature","geometry":{"type":"Polygon","coordinates":[[[150.688898,-33.75297],[150.68896,-33.752902],[150.688781,-33.75279],[150.688584,-33.753006],[150.688759,-33.753116],[150.688819,-33.753051],[150.688715,-33.752985],[150.68879,-33.752902],[150.688898,-33.75297]]]},"properties":{"id":"b_000018","label":"78-80 Union Road, Penrith","suburb":"Penrith","storeys":3,"storeys_source":"assumed","flats_est":10,"footprint_m2":477.4,"roof_m2":477.4,"heat_anomaly_c":-0.88,"heat_band":"cooler","renter_share":0.663,"quick_score":17}},{"type":"Feature","geometry":{"type":"Polygon","coordinates":[[[150.689006,-33.752583],[150.689123,-33.752641],[150.689134,-33.752626],[150.68928,-33.752698],[150.689335,-33.75262],[150.689315,-33.752611],[150.689438,-33.752437],[150.689455,-33.752446],[150.689515,-33.752362],[150.689252,-33.752234],[150.689191,-33.752319],[150.689257,-33.752351],[150.689141,-33.752515],[150.689076,-33.752484],[150.689006,-33.752583]]]},"properties":{"id":"b_000019","label":"79-81 Union Road, Penrith","suburb":"Penrith","storeys":4,"storeys_source":"osm","flats_est":33,"footprint_m2":1050.5,"roof_m2":1050.5,"heat_anomaly_c":-0.35,"heat_band":"cooler","renter_share":0.663,"quick_score":24}},{"type":"Feature","geometry":{"type":"Polygon","coordinates":[[[150.689075,-33.752466],[150.689065,-33.752461],[150.689182,-33.752298],[150.689173,-33.752294],[150.689218,-33.752231],[150.689201,-33.752222],[150.689225,-33.752189],[150.688986,-33.752071],[150.688934,-33.752143],[150.688899,-33.752191],[150.688947,-33.752215],[150.68892,-33.752252],[150.688952,-33.752267],[150.688923,-33.752308],[150.688843,-33.752268],[150.68884,-33.752272],[150.688753,-33.752392],[150.688728,-33.752426],[150.688807,-33.752465],[150.688796,-33.752481],[150.688958,-33.752562],[150.688967,-33.752551],[150.689001,-33.752568],[150.689075,-33.752466]]]},"properties":{"id":"b_000020","label":"83-85 Union Road, Penrith","suburb":"Penrith","storeys":4,"storeys_source":"osm","flats_est":50,"footprint_m2":1281.8,"roof_m2":1281.8,"heat_anomaly_c":-0.27,"heat_band":"average","renter_share":0.663,"quick_score":26}},{"type":"Feature","geometry":{"type":"Polygon","coordinates":[[[150.709559,-33.756459],[150.709524,-33.756583],[150.709506,-33.75658],[150.709478,-33.756689],[150.70945,-33.756804],[150.709621,-33.756839],[150.709644,-33.756761],[150.709693,-33.756771],[150.709875,-33.75682],[150.709899,-33.756747],[150.709909,-33.75675],[150.709923,-33.756707],[150.709947,-33.756714],[150.709962,-33.756671],[150.709937,-33.756665],[150.70997,-33.756563],[150.7099,-33.756547],[150.709905,-33.756529],[150.709733,-33.75649],[150.709622,-33.756464],[150.709559,-33.756459]]]},"properties":{"id":"b_000021","label":"146 High Street, Penrith","suburb":"Penrith","storeys":5,"storeys_source":"osm","flats_est":55,"footprint_m2":1391.9,"roof_m2":1391.9,"heat_anomaly_c":-1.0,"heat_band":"cooler","renter_share":0.762,"quick_score":32}},{"type":"Feature","geometry":{"type":"Polygon","coordinates":[[[150.709588,-33.756889],[150.709462,-33.757264],[150.709689,-33.757317],[150.709722,-33.757217],[150.709756,-33.757225],[150.709848,-33.756949],[150.709588,-33.756889]]]},"properties":{"id":"b_000022","label":"35-37 Barber Avenue, Penrith","suburb":"Penrith","storeys":5,"storeys_source":"osm","flats_est":41,"footprint_m2":1046.8,"roof_m2":1046.8,"heat_anomaly_c":-1.1,"heat_band":"cooler","renter_share":0.762,"quick_score":32}},{"type":"Feature","geometry":{"type":"Polygon","coordinates":[[[150.708513,-33.756695],[150.708467,-33.756837],[150.708491,-33.756843],[150.708459,-33.756943],[150.708432,-33.756937],[150.708403,-33.757028],[150.708501,-33.75705],[150.708503,-33.757044],[150.708643,-33.757076],[150.708641,-33.757083],[150.708738,-33.757105],[150.70874,-33.757098],[150.70881,-33.757113],[150.708818,-33.757091],[150.708833,-33.757095],[150.708842,-33.757068],[150.708819,-33.757063],[150.708838,-33.757005],[150.708862,-33.757011],[150.708872,-33.75698],[150.708858,-33.756977],[150.708864,-33.756958],[150.708799,-33.756943],[150.7088,-33.756938],[150.708763,-33.756929],[150.708759,-33.756942],[150.708634,-33.756913],[150.70866,-33.756832],[150.708693,-33.75684],[150.708718,-33.75676],[150.708627,-33.75674],[150.708617,-33.756769],[150.708587,-33.756763],[150.708603,-33.756715],[150.708513,-33.756695]]]},"properties":{"id":"b_000023","label":"4 Colless Street, Penrith","suburb":"Penrith","storeys":5,"storeys_source":"osm","flats_est":39,"footprint_m2":1021.6,"roof_m2":1021.6,"heat_anomaly_c":-1.1,"heat_band":"cooler","renter_share":0.762,"quick_score":32}},{"type":"Feature","geometry":{"type":"Polygon","coordinates":[[[150.708269,-33.757432],[150.708437,-33.75747],[150.708442,-33.757455],[150.708738,-33.757522],[150.708777,-33.757402],[150.708773,-33.757401],[150.708778,-33.757384],[150.708467,-33.757314],[150.708465,-33.75732],[150.708397,-33.757305],[150.708399,-33.757298],[150.708319,-33.75728],[150.708269,-33.757432]]]},"properties":{"id":"b_000024","label":"8-12 Colless Street, Penrith (block 1 of 2)","suburb":"Penrith","storeys":3,"storeys_source":"osm","flats_est":17,"footprint_m2":723.7,"roof_m2":723.7,"heat_anomaly_c":-0.81,"heat_band":"cooler","renter_share":0.706,"quick_score":28}},{"type":"Feature","geometry":{"type":"Polygon","coordinates":[[[150.708252,-33.757487],[150.708206,-33.757625],[150.708245,-33.757634],[150.708243,-33.75764],[150.70867,-33.757737],[150.708717,-33.757594],[150.708362,-33.757514],[150.708364,-33.757505],[150.708271,-33.757484],[150.708269,-33.75749],[150.708252,-33.757487]]]},"properties":{"id":"b_000025","label":"8-12 Colless Street, Penrith (block 2 of 2)","suburb":"Penrith","storeys":3,"storeys_source":"osm","flats_est":17,"footprint_m2":740.4,"roof_m2":740.4,"heat_anomaly_c":-0.81,"heat_band":"cooler","renter_share":0.706,"quick_score":28}},{"type":"Feature","geometry":{"type":"Polygon","coordinates":[[[150.708858,-33.757426],[150.708842,-33.757472],[150.708827,-33.757475],[150.708818,-33.757497],[150.708814,-33.757521],[150.708827,-33.757524],[150.708816,-33.757555],[150.708798,-33.757557],[150.708792,-33.757573],[150.708797,-33.757606],[150.708782,-33.757608],[150.708777,-33.757623],[150.708778,-33.757653],[150.708783,-33.757654],[150.708774,-33.75768],[150.708755,-33.757689],[150.708744,-33.75772],[150.708752,-33.75775],[150.708832,-33.757767],[150.708833,-33.757763],[150.708894,-33.757776],[150.708892,-33.757781],[150.708983,-33.7578],[150.709005,-33.757779],[150.709014,-33.757747],[150.709002,-33.757735],[150.709012,-33.757706],[150.709034,-33.757682],[150.709039,-33.757667],[150.709031,-33.75766],[150.709048,-33.757606],[150.709006,-33.757596],[150.709012,-33.757576],[150.709032,-33.757581],[150.709053,-33.757586],[150.709073,-33.757521],[150.709095,-33.757496],[150.709101,-33.757475],[150.709056,-33.757464],[150.709054,-33.757472],[150.70901,-33.757462],[150.708998,-33.757451],[150.708931,-33.757436],[150.708929,-33.757444],[150.708909,-33.757439],[150.708912,-33.757431],[150.708868,-33.757421],[150.708858,-33.757426]]]},"properties":{"id":"b_000026","label":"40 Barber Street, Penrith","suburb":"Penrith","storeys":5,"storeys_source":"osm","flats_est":43,"footprint_m2":863.7,"roof_m2":863.7,"heat_anomaly_c":-1.09,"heat_band":"cooler","renter_share":0.706,"quick_score":25}},{"type":"Feature","geometry":{"type":"Polygon","coordinates":[[[150.709218,-33.757504],[150.709174,-33.75764],[150.709157,-33.757637],[150.709155,-33.757696],[150.70911,-33.757833],[150.709224,-33.757858],[150.709226,-33.75785],[150.709303,-33.757867],[150.709302,-33.757875],[150.709347,-33.757884],[150.709364,-33.757835],[150.709351,-33.757831],[150.70937,-33.757771],[150.709378,-33.757773],[150.709422,-33.757694],[150.709398,-33.757688],[150.709417,-33.757634],[150.709429,-33.757636],[150.709452,-33.75756],[150.709218,-33.757504]]]},"properties":{"id":"b_000027","label":"36 Barber Street, Penrith","suburb":"Penrith","storeys":6,"storeys_source":"osm","flats_est":39,"footprint_m2":837.3,"roof_m2":837.3,"heat_anomaly_c":-1.24,"heat_band":"cooler","renter_share":0.706,"quick_score":23}},{"type":"Feature","geometry":{"type":"Polygon","coordinates":[[[150.711234,-33.758417],[150.711128,-33.758738],[150.711312,-33.758778],[150.711416,-33.758458],[150.711234,-33.758417]]]},"properties":{"id":"b_000028","label":"5 Lethbridge Street, Penrith","suburb":"Penrith","storeys":6,"storeys_source":"osm","flats_est":20,"footprint_m2":645.4,"roof_m2":645.4,"heat_anomaly_c":0.23,"heat_band":"warm","renter_share":0.706,"quick_score":49}},{"type":"Feature","geometry":{"type":"Polygon","coordinates":[[[150.710855,-33.758338],[150.71083,-33.758413],[150.71082,-33.758411],[150.710791,-33.75846],[150.710786,-33.758514],[150.710797,-33.758516],[150.710758,-33.758634],[150.710809,-33.758646],[150.710806,-33.758657],[150.710849,-33.758678],[150.710887,-33.758686],[150.710893,-33.758665],[150.710935,-33.758674],[150.710928,-33.758695],[150.710969,-33.758704],[150.711015,-33.758705],[150.711018,-33.758694],[150.711067,-33.758705],[150.711082,-33.758661],[150.711098,-33.758664],[150.711116,-33.758631],[150.711093,-33.758626],[150.711104,-33.758595],[150.711126,-33.758601],[150.711136,-33.758571],[150.711113,-33.758566],[150.711123,-33.758536],[150.711144,-33.758541],[150.71115,-33.758514],[150.711151,-33.758485],[150.711141,-33.758482],[150.711165,-33.758409],[150.711078,-33.758389],[150.711081,-33.758378],[150.711062,-33.758374],[150.711063,-33.758368],[150.711043,-33.758358],[150.711018,-33.758349],[150.710992,-33.758346],[150.710967,-33.758347],[150.710965,-33.758352],[150.710945,-33.758347],[150.710942,-33.758358],[150.710855,-33.758338]]]},"properties":{"id":"b_000029","label":"7-9 Lethbridge Street, Penrith","suburb":"Penrith","storeys":3,"storeys_source":"assumed","flats_est":26,"footprint_m2":1117.9,"roof_m2":1117.9,"heat_anomaly_c":0.09,"heat_band":"average","renter_share":0.706,"quick_score":44}},{"type":"Feature","geometry":{"type":"Polygon","coordinates":[[[150.713312,-33.761977],[150.713588,-33.76204],[150.713594,-33.762021],[150.714025,-33.762121],[150.71405,-33.762047],[150.714091,-33.761926],[150.71412,-33.761839],[150.714091,-33.761832],[150.7141,-33.761807],[150.714127,-33.761813],[150.714212,-33.76156],[150.71412,-33.761539],[150.714114,-33.761555],[150.714084,-33.761548],[150.714077,-33.761567],[150.714058,-33.761563],[150.714065,-33.761543],[150.714029,-33.761535],[150.714035,-33.761519],[150.713949,-33.7615],[150.713864,-33.761754],[150.713889,-33.761759],[150.713867,-33.761825],[150.713843,-33.761819],[150.713825,-33.761873],[150.713814,-33.761904],[150.713644,-33.761864],[150.71367,-33.761788],[150.71365,-33.761783],[150.713673,-33.761716],[150.713695,-33.761721],[150.713758,-33.761533],[150.713745,-33.76153],[150.713769,-33.761459],[150.713507,-33.761398],[150.713383,-33.761764],[150.713338,-33.7619],[150.713312,-33.761977]]]},"properties":{"id":"b_000030","label":"48-56 Derby Street, Kingswood","suburb":"Kingswood","storeys":5,"storeys_source":"osm","flats_est":194,"footprint_m2":3617.3,"roof_m2":3617.3,"heat_anomaly_c":0.17,"heat_band":"warm","renter_share":0.679,"quick_score":44}},{"type":"Feature","geometry":{"type":"Polygon","coordinates":[[[150.701096,-33.756125],[150.701099,-33.756143],[150.70107,-33.756232],[150.701087,-33.756236],[150.701063,-33.756313],[150.701139,-33.75633],[150.701134,-33.756347],[150.70104,-33.756326],[150.701015,-33.756403],[150.701003,-33.756412],[150.701011,-33.756438],[150.701043,-33.756437],[150.701125,-33.756455],[150.701132,-33.756463],[150.701192,-33.756458],[150.701225,-33.756465],[150.701258,-33.756485],[150.701281,-33.756472],[150.701271,-33.756458],[150.701307,-33.756349],[150.701333,-33.756343],[150.70133,-33.756278],[150.701357,-33.756197],[150.701374,-33.756184],[150.701349,-33.756156],[150.701327,-33.756162],[150.701283,-33.756152],[150.701236,-33.756129],[150.701223,-33.756138],[150.701142,-33.756119],[150.701135,-33.75611],[150.701096,-33.756125]]]},"properties":{"id":"b_000031","label":"109 Lethbridge Street, Penrith","suburb":"Penrith","storeys":7,"storeys_source":"osm","flats_est":44,"footprint_m2":874.5,"roof_m2":874.5,"heat_anomaly_c":0.71,"heat_band":"hot","renter_share":0.748,"quick_score":71}},{"type":"Feature","geometry":{"type":"Polygon","coordinates":[[[150.703548,-33.756203],[150.703437,-33.756553],[150.703657,-33.756601],[150.703704,-33.756451],[150.703671,-33.756444],[150.703684,-33.756405],[150.703719,-33.756413],[150.70377,-33.756251],[150.703548,-33.756203]]]},"properties":{"id":"b_000032","label":"6-10 Fulton Street, Penrith","suburb":"Penrith","storeys":3,"storeys_source":"assumed","flats_est":29,"footprint_m2":834.6,"roof_m2":834.6,"heat_anomaly_c":-0.44,"heat_band":"cooler","renter_share":0.748,"quick_score":37}},{"type":"Feature","geometry":{"type":"Polygon","coordinates":[[[150.716663,-33.758553],[150.716434,-33.758502],[150.716401,-33.758605],[150.71642,-33.75861],[150.716381,-33.758733],[150.716358,-33.758727],[150.716344,-33.758772],[150.716355,-33.758774],[150.716347,-33.758799],[150.716356,-33.758801],[150.716345,-33.758835],[150.716523,-33.758874],[150.716534,-33.758841],[150.716552,-33.758845],[150.71656,-33.758822],[150.716575,-33.758825],[150.716589,-33.75878],[150.716568,-33.758775],[150.716572,-33.758764],[150.716558,-33.758761],[150.716595,-33.758648],[150.71663,-33.758656],[150.716663,-33.758553]]]},"properties":{"id":"b_000033","label":"43-45 Rodgers Street, Kingswood","suburb":"Kingswood","storeys":3,"storeys_source":"assumed","flats_est":18,"footprint_m2":733.4,"roof_m2":733.4,"heat_anomaly_c":0.84,"heat_band":"hot","renter_share":0.674,"quick_score":63}},{"type":"Feature","geometry":{"type":"Polygon","coordinates":[[[150.716738,-33.758612],[150.716712,-33.758694],[150.716803,-33.758715],[150.71678,-33.758785],[150.716686,-33.758764],[150.716657,-33.758851],[150.716864,-33.758898],[150.716942,-33.758658],[150.716738,-33.758612]]]},"properties":{"id":"b_000034","label":"39-41 Rodgers Street, Kingswood","suburb":"Kingswood","storeys":3,"storeys_source":"assumed","flats_est":15,"footprint_m2":471.9,"roof_m2":471.9,"heat_anomaly_c":0.74,"heat_band":"hot","renter_share":0.674,"quick_score":61}},{"type":"Feature","geometry":{"type":"Polygon","coordinates":[[[150.717056,-33.758689],[150.71703,-33.758768],[150.717117,-33.758788],[150.717096,-33.758856],[150.717004,-33.758835],[150.716977,-33.758919],[150.717182,-33.758964],[150.717201,-33.758907],[150.717185,-33.758903],[150.717223,-33.758787],[150.717238,-33.75879],[150.717257,-33.758733],[150.717056,-33.758689]]]},"properties":{"id":"b_000035","label":"37 Rodgers Street, Kingswood","suburb":"Kingswood","storeys":3,"storeys_source":"assumed","flats_est":15,"footprint_m2":430.3,"roof_m2":430.3,"heat_anomaly_c":0.82,"heat_band":"hot","renter_share":0.674,"quick_score":63}},{"type":"Feature","geometry":{"type":"Polygon","coordinates":[[[150.717345,-33.758761],[150.717255,-33.759036],[150.717284,-33.759043],[150.71728,-33.759055],[150.71737,-33.759075],[150.717406,-33.758966],[150.717395,-33.758963],[150.717422,-33.758882],[150.71762,-33.758927],[150.71756,-33.75911],[150.717675,-33.759136],[150.717767,-33.758856],[150.717345,-33.758761]]]},"properties":{"id":"b_000036","label":"29-33 Rodgers Street, Kingswood","suburb":"Kingswood","storeys":3,"storeys_source":"osm","flats_est":18,"footprint_m2":920.1,"roof_m2":920.1,"heat_anomaly_c":1.35,"heat_band":"hottest","renter_share":0.674,"quick_score":71}},{"type":"Feature","geometry":{"type":"Polygon","coordinates":[[[150.718613,-33.759053],[150.718523,-33.759324],[150.718631,-33.759349],[150.718682,-33.759193],[150.718757,-33.759209],[150.718724,-33.759309],[150.718748,-33.759315],[150.718746,-33.759322],[150.718807,-33.759336],[150.71888,-33.759114],[150.718613,-33.759053]]]},"properties":{"id":"b_000037","label":"15-17 Rodgers Street, Kingswood","suburb":"Kingswood","storeys":3,"storeys_source":"assumed","flats_est":12,"footprint_m2":624.2,"roof_m2":624.2,"heat_anomaly_c":2.49,"heat_band":"hottest","renter_share":0.674,"quick_score":77}},{"type":"Feature","geometry":{"type":"Polygon","coordinates":[[[150.71893,-33.759121],[150.718842,-33.759394],[150.718933,-33.759414],[150.718936,-33.759404],[150.718954,-33.759408],[150.719006,-33.759244],[150.719209,-33.759289],[150.719155,-33.759458],[150.719171,-33.759461],[150.719167,-33.759474],[150.719268,-33.759496],[150.719358,-33.759216],[150.71893,-33.759121]]]},"properties":{"id":"b_000038","label":"9-13 Rodgers Street, Kingswood","suburb":"Kingswood","storeys":3,"storeys_source":"assumed","flats_est":17,"footprint_m2":906.1,"roof_m2":906.1,"heat_anomaly_c":2.18,"heat_band":"hottest","renter_share":0.674,"quick_score":76}},{"type":"Feature","geometry":{"type":"Polygon","coordinates":[[[150.688526,-33.754003],[150.688526,-33.754087],[150.688559,-33.754087],[150.688559,-33.754226],[150.688528,-33.754226],[150.688528,-33.754319],[150.688654,-33.754319],[150.688654,-33.754294],[150.688679,-33.754294],[150.688679,-33.754321],[150.688808,-33.754321],[150.688808,-33.754226],[150.688774,-33.754226],[150.688774,-33.754088],[150.688804,-33.754088],[150.688803,-33.754002],[150.688677,-33.754002],[150.688677,-33.754025],[150.688651,-33.754025],[150.688651,-33.754002],[150.688526,-33.754003]]]},"properties":{"id":"b_000039","label":"10 Vista Street, Penrith","suburb":"Penrith","storeys":6,"storeys_source":"osm","flats_est":39,"footprint_m2":806.5,"roof_m2":806.5,"heat_anomaly_c":-0.54,"heat_band":"cooler","renter_share":0.663,"quick_score":21}},{"type":"Feature","geometry":{"type":"Polygon","coordinates":[[[150.688587,-33.753488],[150.688513,-33.753713],[150.68865,-33.753744],[150.688659,-33.753719],[150.688767,-33.753743],[150.688832,-33.753543],[150.688587,-33.753488]]]},"properties":{"id":"b_000040","label":"15 Vista Street, Penrith","suburb":"Penrith","storeys":6,"storeys_source":"osm","flats_est":26,"footprint_m2":579.4,"roof_m2":579.4,"heat_anomaly_c":-1.13,"heat_band":"cooler","renter_share":0.663,"quick_score":15}},{"type":"Feature","geometry":{"type":"Polygon","coordinates":[[[150.687853,-33.754959],[150.68788,-33.755213],[150.688259,-33.755185],[150.688232,-33.754931],[150.687853,-33.754959]]]},"properties":{"id":"b_000041","label":"50 Rodley Avenue, Penrith","suburb":"Penrith","storeys":5,"storeys_source":"osm","flats_est":42,"footprint_m2":997.0,"roof_m2":997.0,"heat_anomaly_c":-0.15,"heat_band":"average","renter_share":0.7,"quick_score":38}},{"type":"Feature","geometry":{"type":"Polygon","coordinates":[[[150.691477,-33.753697],[150.691442,-33.753794],[150.691476,-33.753802],[150.691463,-33.753839],[150.691429,-33.753831],[150.691381,-33.753964],[150.6914,-33.753968],[150.691492,-33.753991],[150.691512,-33.753935],[150.691809,-33.754009],[150.69184,-33.75392],[150.691884,-33.753798],[150.691477,-33.753697]]]},"properties":{"id":"b_000042","label":"40 Union Road, Penrith","suburb":"Penrith","storeys":4,"storeys_source":"osm","flats_est":44,"footprint_m2":1014.6,"roof_m2":1014.6,"heat_anomaly_c":0.73,"heat_band":"hot","renter_share":0.7,"quick_score":65}},{"type":"Feature","geometry":{"type":"Polygon","coordinates":[[[150.688164,-33.752435],[150.688112,-33.752518],[150.688284,-33.752594],[150.688336,-33.752511],[150.688164,-33.752435]]]},"properties":{"id":"b_000043","label":"86 Union Road, Penrith","suburb":"Penrith","storeys":3,"storeys_source":"assumed","flats_est":6,"footprint_m2":186.7,"roof_m2":186.7,"heat_anomaly_c":-0.26,"heat_band":"average","renter_share":0.663,"quick_score":26}},{"type":"Feature","geometry":{"type":"Polygon","coordinates":[[[150.687898,-33.752754],[150.687978,-33.752781],[150.687986,-33.752765],[150.688099,-33.752803],[150.688091,-33.75282],[150.688184,-33.752852],[150.688279,-33.752657],[150.688195,-33.752628],[150.688169,-33.752682],[150.688176,-33.752685],[150.688157,-33.752723],[150.687949,-33.752652],[150.687898,-33.752754]]]},"properties":{"id":"b_000044","label":"4 John Tipping Grove, Penrith","suburb":"Penrith","storeys":3,"storeys_source":"assumed","flats_est":12,"footprint_m2":417.9,"roof_m2":417.9,"heat_anomaly_c":-0.6,"heat_band":"cooler","renter_share":0.663,"quick_score":20}},{"type":"Feature","geometry":{"type":"Polygon","coordinates":[[[150.688528,-33.752799],[150.688503,-33.752783],[150.688481,-33.752808],[150.688457,-33.752793],[150.688406,-33.75285],[150.688433,-33.752866],[150.688398,-33.752905],[150.688376,-33.752892],[150.688324,-33.752949],[150.688351,-33.752965],[150.688336,-33.752982],[150.688425,-33.753037],[150.688599,-33.752843],[150.688528,-33.752799]]]},"properties":{"id":"b_000045","label":"82-84 Union Road, Penrith","suburb":"Penrith","storeys":3,"storeys_source":"assumed","flats_est":6,"footprint_m2":335.5,"roof_m2":335.5,"heat_anomaly_c":-0.89,"heat_band":"cooler","renter_share":0.663,"quick_score":17}},{"type":"Feature","geometry":{"type":"Polygon","coordinates":[[[150.688246,-33.753032],[150.688204,-33.753111],[150.688248,-33.753127],[150.688256,-33.753112],[150.688527,-33.753211],[150.688561,-33.753146],[150.688246,-33.753032]]]},"properties":{"id":"b_000046","label":"4 De Vilnits Parade, Penrith","suburb":"Penrith","storeys":3,"storeys_source":"assumed","flats_est":4,"footprint_m2":256.6,"roof_m2":256.6,"heat_anomaly_c":-1.02,"heat_band":"cooler","renter_share":0.663,"quick_score":16}},{"type":"Feature","geometry":{"type":"Polygon","coordinates":[[[150.687611,-33.753671],[150.687591,-33.753736],[150.687542,-33.753726],[150.687498,-33.753868],[150.687545,-33.753878],[150.687525,-33.753945],[150.687638,-33.753969],[150.687663,-33.753889],[150.687616,-33.753879],[150.687652,-33.753759],[150.6877,-33.753769],[150.687723,-33.753695],[150.687611,-33.753671]]]},"properties":{"id":"b_000047","label":"Block near Mulgoa Road (block 1 of 2)","suburb":"Penrith","storeys":3,"storeys_source":"assumed","flats_est":8,"footprint_m2":351.5,"roof_m2":351.5,"heat_anomaly_c":-1.2,"heat_band":"cooler","renter_share":0.663,"quick_score":14}},{"type":"Feature","geometry":{"type":"Polygon","coordinates":[[[150.687768,-33.75384],[150.6878,-33.753916],[150.687825,-33.753909],[150.687878,-33.754036],[150.68799,-33.754003],[150.687931,-33.753863],[150.687905,-33.753871],[150.687878,-33.753808],[150.687768,-33.75384]]]},"properties":{"id":"b_000048","label":"Block near Vista Street (block 1 of 2)","suburb":"Penrith","storeys":3,"storeys_source":"assumed","flats_est":6,"footprint_m2":264.8,"roof_m2":264.8,"heat_anomaly_c":-1.19,"heat_band":"cooler","renter_share":0.663,"quick_score":14}},{"type":"Feature","geometry":{"type":"Polygon","coordinates":[[[150.687825,-33.754045],[150.687825,-33.754075],[150.687803,-33.754075],[150.687804,-33.75417],[150.687824,-33.75417],[150.687824,-33.754179],[150.687793,-33.75418],[150.687794,-33.754261],[150.68791,-33.75426],[150.687909,-33.754193],[150.687943,-33.754193],[150.687941,-33.754044],[150.687825,-33.754045]]]},"properties":{"id":"b_000049","label":"49 Rodley Avenue, Penrith (block 1 of 2)","suburb":"Penrith","storeys":3,"storeys_source":"assumed","flats_est":8,"footprint_m2":285.0,"roof_m2":285.0,"heat_anomaly_c":-0.83,"heat_band":"cooler","renter_share":0.663,"quick_score":18}},{"type":"Feature","geometry":{"type":"Polygon","coordinates":[[[150.687485,-33.754017],[150.687485,-33.754098],[150.687503,-33.754098],[150.687504,-33.754223],[150.687481,-33.754223],[150.687481,-33.75437],[150.6876,-33.75437],[150.6876,-33.754235],[150.687622,-33.754235],[150.687622,-33.754087],[150.6876,-33.754087],[150.6876,-33.754017],[150.687485,-33.754017]]]},"properties":{"id":"b_000050","label":"49 Rodley Avenue, Penrith (block 2 of 2)","suburb":"Penrith","storeys":3,"storeys_source":"assumed","flats_est":11,"footprint_m2":432.5,"roof_m2":432.5,"heat_anomaly_c":-0.81,"heat_band":"cooler","renter_share":0.663,"quick_score":18}},{"type":"Feature","geometry":{"type":"Polygon","coordinates":[[[150.687912,-33.754267],[150.68793,-33.754411],[150.688044,-33.754401],[150.688025,-33.754256],[150.687912,-33.754267]]]},"properties":{"id":"b_000051","label":"Block near Vista Street (block 2 of 2)","suburb":"Penrith","storeys":3,"storeys_source":"assumed","flats_est":4,"footprint_m2":169.6,"roof_m2":169.6,"heat_anomaly_c":-0.45,"heat_band":"cooler","renter_share":0.663,"quick_score":22}},{"type":"Feature","geometry":{"type":"Polygon","coordinates":[[[150.687482,-33.754384],[150.6875,-33.754547],[150.687529,-33.754545],[150.687533,-33.754578],[150.687542,-33.754578],[150.687552,-33.754671],[150.687569,-33.75467],[150.687574,-33.75471],[150.687565,-33.754711],[150.687568,-33.754739],[150.687642,-33.754733],[150.687643,-33.754741],[150.687692,-33.754737],[150.687682,-33.754652],[150.687662,-33.754654],[150.687661,-33.754648],[150.687678,-33.754647],[150.687666,-33.754545],[150.687647,-33.754547],[150.687644,-33.754521],[150.687614,-33.754523],[150.687614,-33.754516],[150.687632,-33.754514],[150.687623,-33.754426],[150.687602,-33.754428],[150.6876,-33.75441],[150.687579,-33.754411],[150.687575,-33.754376],[150.687482,-33.754384]]]},"properties":{"id":"b_000052","label":"Block near Mulgoa Road (block 2 of 2)","suburb":"Penrith","storeys":3,"storeys_source":"assumed","flats_est":11,"footprint_m2":466.3,"roof_m2":466.3,"heat_anomaly_c":-0.42,"heat_band":"cooler","renter_share":0.663,"quick_score":23}},{"type":"Feature","geometry":{"type":"Polygon","coordinates":[[[150.687872,-33.754601],[150.687884,-33.754692],[150.68829,-33.754655],[150.688288,-33.754643],[150.688343,-33.754638],[150.688331,-33.754548],[150.687928,-33.754584],[150.68793,-33.754596],[150.687872,-33.754601]]]},"properties":{"id":"b_000053","label":"47 Rodley Avenue, Penrith","suburb":"Penrith","storeys":3,"storeys_source":"assumed","flats_est":12,"footprint_m2":477.0,"roof_m2":477.0,"heat_anomaly_c":-0.16,"heat_band":"average","renter_share":0.663,"quick_score":28}},{"type":"Feature","geometry":{"type":"Polygon","coordinates":[[[150.688425,-33.754466],[150.688433,-33.754531],[150.688391,-33.754535],[150.6884,-33.754602],[150.688444,-33.754598],[150.688452,-33.754664],[150.688547,-33.754656],[150.68854,-33.754601],[150.688517,-33.754584],[150.688509,-33.754534],[150.688529,-33.754513],[150.688522,-33.754458],[150.688425,-33.754466]]]},"properties":{"id":"b_000054","label":"Block near Rodley Avenue","suburb":"Penrith","storeys":3,"storeys_source":"assumed","flats_est":5,"footprint_m2":212.2,"roof_m2":212.2,"heat_anomaly_c":-0.08,"heat_band":"average","renter_share":0.663,"quick_score":31}},{"type":"Feature","geometry":{"type":"Polygon","coordinates":[[[150.688577,-33.754425],[150.68859,-33.754519],[150.68862,-33.754516],[150.688621,-33.754523],[150.688716,-33.754515],[150.688717,-33.754525],[150.688854,-33.754513],[150.688844,-33.75444],[150.688721,-33.754451],[150.688719,-33.754438],[150.688656,-33.754443],[150.688653,-33.754418],[150.688577,-33.754425]]]},"properties":{"id":"b_000055","label":"43-45 Rodley Avenue, Penrith","suburb":"Penrith","storeys":3,"storeys_source":"assumed","flats_est":12,"footprint_m2":223.0,"roof_m2":223.0,"heat_anomaly_c":-0.13,"heat_band":"average","renter_share":0.663,"quick_score":30}},{"type":"Feature","geometry":{"type":"Polygon","coordinates":[[[150.6886,-33.754554],[150.688612,-33.754645],[150.688641,-33.754642],[150.688642,-33.754648],[150.688874,-33.754627],[150.688864,-33.754551],[150.688677,-33.754568],[150.688674,-33.754547],[150.6886,-33.754554]]]},"properties":{"id":"b_000056","label":"8 Vista Street, Penrith","suburb":"Penrith","storeys":3,"storeys_source":"assumed","flats_est":4,"footprint_m2":221.3,"roof_m2":221.3,"heat_anomaly_c":-0.05,"heat_band":"average","renter_share":0.663,"quick_score":32}},{"type":"Feature","geometry":{"type":"Polygon","coordinates":[[[150.688916,-33.754425],[150.688923,-33.754474],[150.688947,-33.754489],[150.688957,-33.754549],[150.688936,-33.754568],[150.688943,-33.75462],[150.689043,-33.754611],[150.689034,-33.754545],[150.689066,-33.754542],[150.689057,-33.754475],[150.689026,-33.754478],[150.689017,-33.754416],[150.688916,-33.754425]]]},"properties":{"id":"b_000057","label":"37 Rodley Avenue, Penrith","suburb":"Penrith","storeys":3,"storeys_source":"assumed","flats_est":5,"footprint_m2":207.5,"roof_m2":207.5,"heat_anomaly_c":-0.25,"heat_band":"average","renter_share":0.663,"quick_score":26}},{"type":"Feature","geometry":{"type":"Polygon","coordinates":[[[150.68892,-33.754371],[150.689026,-33.754375],[150.689029,-33.754314],[150.689062,-33.754314],[150.689065,-33.754243],[150.689028,-33.754242],[150.689033,-33.754124],[150.68907,-33.754125],[150.689073,-33.754056],[150.689039,-33.754055],[150.689042,-33.753989],[150.688938,-33.753986],[150.688936,-33.754038],[150.688963,-33.754058],[150.68896,-33.754109],[150.688931,-33.754127],[150.688927,-33.754227],[150.688955,-33.754248],[150.688952,-33.754295],[150.688923,-33.754315],[150.68892,-33.754371]]]},"properties":{"id":"b_000058","label":"6 Vista Street, Penrith","suburb":"Penrith","storeys":3,"storeys_source":"assumed","flats_est":10,"footprint_m2":419.5,"roof_m2":419.5,"heat_anomaly_c":-0.55,"heat_band":"cooler","renter_share":0.663,"quick_score":21}},{"type":"Feature","geometry":{"type":"Polygon","coordinates":[[[150.696195,-33.747261],[150.696168,-33.747311],[150.696243,-33.747339],[150.696486,-33.74743],[150.696514,-33.74738],[150.696271,-33.747289],[150.696195,-33.747261]]]},"properties":{"id":"b_000059","label":"41 Fernandez Lane, Penrith","suburb":"Penrith","storeys":2,"storeys_source":"osm","flats_est":3,"footprint_m2":198.6,"roof_m2":198.6,"heat_anomaly_c":-0.2,"heat_band":"average","renter_share":0.666,"quick_score":29}},{"type":"Feature","geometry":{"type":"Polygon","coordinates":[[[150.696524,-33.747383],[150.696496,-33.747434],[150.696779,-33.74754],[150.696806,-33.747489],[150.696524,-33.747383]]]},"properties":{"id":"b_000060","label":"51 Fernandez Lane, Penrith","suburb":"Penrith","storeys":2,"storeys_source":"osm","flats_est":3,"footprint_m2":176.1,"roof_m2":176.1,"heat_anomaly_c":-0.26,"heat_band":"average","renter_share":0.666,"quick_score":28}},{"type":"Feature","geometry":{"type":"Polygon","coordinates":[[[150.696918,-33.747531],[150.69689,-33.747582],[150.697152,-33.747679],[150.697183,-33.747621],[150.697074,-33.74758],[150.69707,-33.747588],[150.696918,-33.747531]]]},"properties":{"id":"b_000061","label":"63 Fernandez Lane, Penrith","suburb":"Penrith","storeys":3,"storeys_source":"osm","flats_est":3,"footprint_m2":173.7,"roof_m2":173.7,"heat_anomaly_c":-0.61,"heat_band":"cooler","renter_share":0.666,"quick_score":22}},{"type":"Feature","geometry":{"type":"Polygon","coordinates":[[[150.695444,-33.746971],[150.695416,-33.747022],[150.6957,-33.74713],[150.695729,-33.747079],[150.695444,-33.746971]]]},"properties":{"id":"b_000062","label":"17 Fernandez Lane, Penrith","suburb":"Penrith","storeys":2,"storeys_source":"osm","flats_est":3,"footprint_m2":181.7,"roof_m2":181.7,"heat_anomaly_c":-0.73,"heat_band":"cooler","renter_share":0.666,"quick_score":21}},{"type":"Feature","geometry":{"type":"Polygon","coordinates":[[[150.695737,-33.747082],[150.695709,-33.747133],[150.696021,-33.747251],[150.696048,-33.7472],[150.695737,-33.747082]]]},"properties":{"id":"b_000063","label":"31 Fernandez Lane, Penrith","suburb":"Penrith","storeys":2,"storeys_source":"osm","flats_est":3,"footprint_m2":197.7,"roof_m2":197.7,"heat_anomaly_c":-0.45,"heat_band":"cooler","renter_share":0.666,"quick_score":23}},{"type":"Feature","geometry":{"type":"Polygon","coordinates":[[[150.685422,-33.75581],[150.685397,-33.755915],[150.685414,-33.755919],[150.685372,-33.756016],[150.685546,-33.756071],[150.685568,-33.756022],[150.685591,-33.756029],[150.685561,-33.756097],[150.685727,-33.75615],[150.685738,-33.756126],[150.685772,-33.756051],[150.685787,-33.756056],[150.685824,-33.755972],[150.685829,-33.755962],[150.685658,-33.755904],[150.685652,-33.755918],[150.68562,-33.755908],[150.685634,-33.755877],[150.685422,-33.75581]]]},"properties":{"id":"b_000064","label":"10 Ransley Street, Penrith (block 1 of 3)","suburb":"Penrith","storeys":4,"storeys_source":"osm","flats_est":35,"footprint_m2":856.6,"roof_m2":856.6,"heat_anomaly_c":-0.84,"heat_band":"cooler","renter_share":0.205,"quick_score":6}},{"type":"Feature","geometry":{"type":"Polygon","coordinates":[[[150.685941,-33.756022],[150.685937,-33.756027],[150.685876,-33.75611],[150.685891,-33.756117],[150.685846,-33.756178],[150.685826,-33.756206],[150.685985,-33.756285],[150.686018,-33.756236],[150.686039,-33.756245],[150.686015,-33.756279],[150.686188,-33.756365],[150.686235,-33.756265],[150.686227,-33.756261],[150.686289,-33.756173],[150.686109,-33.756084],[150.686095,-33.756098],[150.685941,-33.756022]]]},"properties":{"id":"b_000065","label":"10 Ransley Street, Penrith (block 2 of 3)","suburb":"Penrith","storeys":4,"storeys_source":"osm","flats_est":34,"footprint_m2":838.1,"roof_m2":838.1,"heat_anomaly_c":-0.69,"heat_band":"cooler","renter_share":0.205,"quick_score":7}},{"type":"Feature","geometry":{"type":"Polygon","coordinates":[[[150.708113,-33.757943],[150.708095,-33.757997],[150.708161,-33.758012],[150.708142,-33.758069],[150.708323,-33.75811],[150.708389,-33.757906],[150.708147,-33.757851],[150.708131,-33.7579],[150.708154,-33.757905],[150.70814,-33.757949],[150.708113,-33.757943]]]},"properties":{"id":"b_000066","label":"16 Colless Street, Penrith","suburb":"Penrith","storeys":3,"storeys_source":"assumed","flats_est":11,"footprint_m2":496.9,"roof_m2":496.9,"heat_anomaly_c":-0.89,"heat_band":"cooler","renter_share":0.706,"quick_score":26}},{"type":"Feature","geometry":{"type":"Polygon","coordinates":[[[150.708726,-33.757832],[150.708722,-33.757845],[150.708618,-33.758164],[150.708856,-33.758217],[150.708938,-33.757967],[150.708944,-33.757968],[150.708966,-33.757902],[150.70897,-33.757888],[150.708726,-33.757832]]]},"properties":{"id":"b_000067","label":"29-31 Lethbridge Street, Penrith","suburb":"Penrith","storeys":3,"storeys_source":"assumed","flats_est":45,"footprint_m2":875.7,"roof_m2":875.7,"heat_anomaly_c":-1.37,"heat_band":"cooler","renter_share":0.706,"quick_score":22}},{"type":"Feature","geometry":{"type":"Polygon","coordinates":[[[150.710307,-33.756641],[150.710268,-33.756763],[150.710273,-33.756788],[150.710216,-33.756964],[150.710162,-33.756952],[150.710144,-33.757006],[150.710292,-33.75704],[150.710298,-33.757022],[150.710307,-33.757025],[150.71032,-33.756984],[150.71048,-33.757019],[150.710581,-33.756702],[150.710307,-33.756641]]]},"properties":{"id":"b_000068","label":"136-140 High Street, Penrith","suburb":"Penrith","storeys":3,"storeys_source":"assumed","flats_est":49,"footprint_m2":1029.6,"roof_m2":1029.6,"heat_anomaly_c":-0.3,"heat_band":"average","renter_share":0.762,"quick_score":41}},{"type":"Feature","geometry":{"type":"Polygon","coordinates":[[[150.695612,-33.746182],[150.695559,-33.746318],[150.695604,-33.746331],[150.695671,-33.746349],[150.695721,-33.746362],[150.695789,-33.746381],[150.695843,-33.746395],[150.695897,-33.746259],[150.695841,-33.746243],[150.695773,-33.746225],[150.695721,-33.746211],[150.695654,-33.746193],[150.695612,-33.746182]]]},"properties":{"id":"b_000069","label":"77 Thornton Drive, Penrith","suburb":"Penrith","storeys":3,"storeys_source":"assumed","flats_est":10,"footprint_m2":442.8,"roof_m2":442.8,"heat_anomaly_c":0.16,"heat_band":"warm","renter_share":0.592,"quick_score":34}},{"type":"Feature","geometry":{"type":"Polygon","coordinates":[[[150.697539,-33.745563],[150.697518,-33.745619],[150.697496,-33.745673],[150.697571,-33.745692],[150.697579,-33.74567],[150.697675,-33.745695],[150.697687,-33.745664],[150.697698,-33.745636],[150.697604,-33.745611],[150.697614,-33.745583],[150.697603,-33.74558],[150.697539,-33.745563]]]},"properties":{"id":"b_000070","label":"5 Hudson Street, Penrith","suburb":"Penrith","storeys":3,"storeys_source":"assumed","flats_est":4,"footprint_m2":156.4,"roof_m2":156.4,"heat_anomaly_c":1.73,"heat_band":"hottest","renter_share":0.592,"quick_score":68}},{"type":"Feature","geometry":{"type":"Polygon","coordinates":[[[150.697279,-33.755888],[150.697147,-33.755857],[150.697109,-33.755974],[150.697123,-33.755977],[150.697073,-33.756128],[150.697058,-33.756124],[150.697021,-33.756238],[150.697153,-33.756268],[150.697279,-33.755888]]]},"properties":{"id":"b_000071","label":"152-154 Lethbridge Street, Penrith","suburb":"Penrith","storeys":3,"storeys_source":"assumed","flats_est":11,"footprint_m2":531.7,"roof_m2":531.7,"heat_anomaly_c":0.09,"heat_band":"average","renter_share":0.865,"quick_score":62}},{"type":"Feature","geometry":{"type":"Polygon","coordinates":[[[150.696962,-33.756058],[150.697023,-33.755867],[150.696956,-33.755852],[150.696959,-33.755842],[150.696875,-33.755823],[150.696808,-33.756032],[150.696892,-33.75605],[150.696895,-33.756043],[150.696962,-33.756058]]]},"properties":{"id":"b_000072","label":"156 Lethbridge Street, Penrith","suburb":"Penrith","storeys":3,"storeys_source":"assumed","flats_est":12,"footprint_m2":333.9,"roof_m2":333.9,"heat_anomaly_c":0.07,"heat_band":"average","renter_share":0.865,"quick_score":61}},{"type":"Feature","geometry":{"type":"Polygon","coordinates":[[[150.696643,-33.756176],[150.696671,-33.75609],[150.696669,-33.756072],[150.696701,-33.755972],[150.696683,-33.755967],[150.696697,-33.755921],[150.696725,-33.755927],[150.696772,-33.755783],[150.696628,-33.75575],[150.696591,-33.755865],[150.696598,-33.755866],[150.696569,-33.755957],[150.696588,-33.755961],[150.696573,-33.756006],[150.696545,-33.756],[150.696498,-33.756144],[150.696643,-33.756176]]]},"properties":{"id":"b_000073","label":"158-160 Lethbridge Street, Penrith","suburb":"Penrith","storeys":3,"storeys_source":"assumed","flats_est":13,"footprint_m2":582.7,"roof_m2":582.7,"heat_anomaly_c":0.05,"heat_band":"average","renter_share":0.865,"quick_score":60}},{"type":"Feature","geometry":{"type":"Polygon","coordinates":[[[150.69601,-33.756236],[150.696071,-33.75617],[150.695711,-33.75594],[150.695644,-33.756012],[150.695926,-33.756192],[150.695931,-33.756186],[150.69601,-33.756236]]]},"properties":{"id":"b_000074","label":"40 Woodriff Street, Penrith","suburb":"Penrith","storeys":3,"storeys_source":"assumed","flats_est":8,"footprint_m2":417.8,"roof_m2":417.8,"heat_anomaly_c":-0.07,"heat_band":"average","renter_share":0.865,"quick_score":58}},{"type":"Feature","geometry":{"type":"Polygon","coordinates":[[[150.695571,-33.756299],[150.695709,-33.756148],[150.695589,-33.756073],[150.695526,-33.756142],[150.695518,-33.756137],[150.695443,-33.756219],[150.695571,-33.756299]]]},"properties":{"id":"b_000075","label":"42-44 Woodriff Street, Penrith","suburb":"Penrith","storeys":3,"storeys_source":"assumed","flats_est":12,"footprint_m2":303.6,"roof_m2":303.6,"heat_anomaly_c":-0.05,"heat_band":"average","renter_share":0.865,"quick_score":59}},{"type":"Feature","geometry":{"type":"Polygon","coordinates":[[[150.695956,-33.7563],[150.695837,-33.756225],[150.695772,-33.756297],[150.695761,-33.756291],[150.695686,-33.756374],[150.695816,-33.756455],[150.695956,-33.7563]]]},"properties":{"id":"b_000076","label":"217 Derby Street, Penrith","suburb":"Penrith","storeys":3,"storeys_source":"assumed","flats_est":12,"footprint_m2":310.9,"roof_m2":310.9,"heat_anomaly_c":-0.39,"heat_band":"cooler","renter_share":0.865,"quick_score":50}},{"type":"Feature","geometry":{"type":"Polygon","coordinates":[[[150.695923,-33.756511],[150.695994,-33.756566],[150.696282,-33.756308],[150.69621,-33.756253],[150.695923,-33.756511]]]},"properties":{"id":"b_000077","label":"215 Derby Street, Penrith","suburb":"Penrith","storeys":3,"storeys_source":"assumed","flats_est":12,"footprint_m2":351.6,"roof_m2":351.6,"heat_anomaly_c":-0.39,"heat_band":"cooler","renter_share":0.865,"quick_score":50}},{"type":"Feature","geometry":{"type":"Polygon","coordinates":[[[150.696062,-33.756632],[150.696146,-33.756695],[150.696405,-33.756458],[150.696388,-33.756445],[150.696412,-33.756423],[150.696345,-33.756372],[150.696062,-33.756632]]]},"properties":{"id":"b_000078","label":"213 Derby Street, Penrith","suburb":"Penrith","storeys":3,"storeys_source":"assumed","flats_est":15,"footprint_m2":400.9,"roof_m2":400.9,"heat_anomaly_c":-0.29,"heat_band":"average","renter_share":0.865,"quick_score":52}},{"type":"Feature","geometry":{"type":"Polygon","coordinates":[[[150.696488,-33.756936],[150.696776,-33.756674],[150.696752,-33.756657],[150.696759,-33.756651],[150.696717,-33.756619],[150.69671,-33.756624],[150.696686,-33.756605],[150.696398,-33.756866],[150.69642,-33.756882],[150.696411,-33.75689],[150.696458,-33.756927],[150.696466,-33.756919],[150.696488,-33.756936]]]},"properties":{"id":"b_000079","label":"209 Derby Street, Penrith","suburb":"Penrith","storeys":3,"storeys_source":"assumed","flats_est":15,"footprint_m2":456.7,"roof_m2":456.7,"heat_anomaly_c":-0.13,"heat_band":"average","renter_share":0.865,"quick_score":57}},{"type":"Feature","geometry":{"type":"Polygon","coordinates":[[[150.696692,-33.756864],[150.696657,-33.756895],[150.696651,-33.75689],[150.696545,-33.756986],[150.696656,-33.757071],[150.696664,-33.757064],[150.696768,-33.757145],[150.696875,-33.757049],[150.696866,-33.757042],[150.696889,-33.757022],[150.696877,-33.757012],[150.696915,-33.756977],[150.696898,-33.756965],[150.69695,-33.756918],[150.696858,-33.756846],[150.696818,-33.756882],[150.696791,-33.756861],[150.696744,-33.756904],[150.696692,-33.756864]]]},"properties":{"id":"b_000080","label":"207 Derby Street, Penrith (block 2 of 2)","suburb":"Penrith","storeys":3,"storeys_source":"assumed","flats_est":42,"footprint_m2":668.2,"roof_m2":668.2,"heat_anomaly_c":0.08,"heat_band":"average","renter_share":0.865,"quick_score":61}},{"type":"Feature","geometry":{"type":"Polygon","coordinates":[[[150.696808,-33.756773],[150.696828,-33.756788],[150.696811,-33.756804],[150.696975,-33.756923],[150.697061,-33.756842],[150.697015,-33.756808],[150.697028,-33.756796],[150.696902,-33.756704],[150.69685,-33.756754],[150.696837,-33.756745],[150.696808,-33.756773]]]},"properties":{"id":"b_000081","label":"207 Derby Street, Penrith (block 1 of 2)","suburb":"Penrith","storeys":3,"storeys_source":"assumed","flats_est":18,"footprint_m2":286.8,"roof_m2":286.8,"heat_anomaly_c":-0.01,"heat_band":"average","renter_share":0.865,"quick_score":59}},{"type":"Feature","geometry":{"type":"Polygon","coordinates":[[[150.701287,-33.756932],[150.701416,-33.756961],[150.7014,-33.757012],[150.701489,-33.757032],[150.701487,-33.757037],[150.701462,-33.757032],[150.701453,-33.75706],[150.701432,-33.757056],[150.701411,-33.757122],[150.701441,-33.757129],[150.701433,-33.757154],[150.701461,-33.75716],[150.701457,-33.75717],[150.701578,-33.757197],[150.701603,-33.757118],[150.701589,-33.757115],[150.701617,-33.757028],[150.701639,-33.757033],[150.701687,-33.756885],[150.701671,-33.756881],[150.701676,-33.756864],[150.701334,-33.756787],[150.701287,-33.756932]]]},"properties":{"id":"b_000082","label":"108 Lethbridge Street, Penrith","suburb":"Penrith","storeys":3,"storeys_source":"assumed","flats_est":20,"footprint_m2":925.4,"roof_m2":925.4,"heat_anomaly_c":0.14,"heat_band":"average","renter_share":0.778,"quick_score":56}},{"type":"Feature","geometry":{"type":"Polygon","coordinates":[[[150.701234,-33.757065],[150.701156,-33.757047],[150.701153,-33.757056],[150.701028,-33.757028],[150.701031,-33.75702],[150.700956,-33.757003],[150.700915,-33.757128],[150.700994,-33.757146],[150.700996,-33.75714],[150.701115,-33.757167],[150.701113,-33.757174],[150.701192,-33.757191],[150.701234,-33.757065]]]},"properties":{"id":"b_000083","label":"37A Evan Street, Penrith (block 1 of 2)","suburb":"Penrith","storeys":3,"storeys_source":"assumed","flats_est":8,"footprint_m2":365.0,"roof_m2":365.0,"heat_anomaly_c":0.21,"heat_band":"warm","renter_share":0.778,"quick_score":59}},{"type":"Feature","geometry":{"type":"Polygon","coordinates":[[[150.700449,-33.75722],[150.700526,-33.757237],[150.700529,-33.75723],[150.70079,-33.75729],[150.700787,-33.757297],[150.700865,-33.757314],[150.700906,-33.757189],[150.700828,-33.757171],[150.700826,-33.757178],[150.700567,-33.757118],[150.700569,-33.757111],[150.700491,-33.757093],[150.700449,-33.75722]]]},"properties":{"id":"b_000084","label":"37A Evan Street, Penrith (block 2 of 2)","suburb":"Penrith","storeys":3,"storeys_source":"assumed","flats_est":12,"footprint_m2":538.1,"roof_m2":538.1,"heat_anomaly_c":0.34,"heat_band":"warm","renter_share":0.778,"quick_score":62}},{"type":"Feature","geometry":{"type":"Polygon","coordinates":[[[150.701491,-33.757341],[150.70134,-33.757306],[150.701348,-33.757281],[150.701194,-33.757245],[150.701162,-33.757344],[150.701206,-33.757354],[150.70119,-33.757404],[150.701144,-33.757394],[150.701119,-33.757466],[150.701125,-33.757468],[150.701115,-33.757501],[150.701241,-33.75753],[150.701252,-33.757498],[150.701426,-33.757538],[150.701451,-33.757464],[150.701413,-33.757455],[150.701429,-33.757406],[150.701467,-33.757415],[150.701491,-33.757341]]]},"properties":{"id":"b_000085","label":"37-39 Evan Street, Penrith","suburb":"Penrith","storeys":3,"storeys_source":"assumed","flats_est":12,"footprint_m2":710.2,"roof_m2":710.2,"heat_anomaly_c":-0.17,"heat_band":"average","renter_share":0.778,"quick_score":47}},{"type":"Feature","geometry":{"type":"Polygon","coordinates":[[[150.701279,-33.757916],[150.701302,-33.757849],[150.701219,-33.75783],[150.701236,-33.757778],[150.70132,-33.757798],[150.701343,-33.75773],[150.701268,-33.757712],[150.70129,-33.757645],[150.701356,-33.757661],[150.701375,-33.757603],[150.701044,-33.757526],[150.701024,-33.757589],[150.701093,-33.757605],[150.701072,-33.757669],[150.700999,-33.757652],[150.700975,-33.757721],[150.701058,-33.75774],[150.701042,-33.757788],[150.700958,-33.757769],[150.700935,-33.757836],[150.701279,-33.757916]]]},"properties":{"id":"b_000086","label":"41-45 Evan Street, Penrith","suburb":"Penrith","storeys":3,"storeys_source":"assumed","flats_est":18,"footprint_m2":976.0,"roof_m2":976.0,"heat_anomaly_c":-0.12,"heat_band":"average","renter_share":0.778,"quick_score":50}},{"type":"Feature","geometry":{"type":"Polygon","coordinates":[[[150.701009,-33.758009],[150.701264,-33.758067],[150.701285,-33.758004],[150.701015,-33.757944],[150.701009,-33.757963],[150.700932,-33.757946],[150.70087,-33.758136],[150.701217,-33.758214],[150.701238,-33.75815],[150.700982,-33.758092],[150.701009,-33.758009]]]},"properties":{"id":"b_000087","label":"165-169 Derby Street, Penrith","suburb":"Penrith","storeys":3,"storeys_source":"assumed","flats_est":18,"footprint_m2":552.2,"roof_m2":552.2,"heat_anomaly_c":0.07,"heat_band":"average","renter_share":0.778,"quick_score":54}},{"type":"Feature","geometry":{"type":"Polygon","coordinates":[[[150.700516,-33.75807],[150.70058,-33.758084],[150.700576,-33.758098],[150.700662,-33.758116],[150.700726,-33.757914],[150.700647,-33.757897],[150.700645,-33.757905],[150.700573,-33.75789],[150.700516,-33.75807]]]},"properties":{"id":"b_000088","label":"171-173 Derby Street, Penrith (block 2 of 2)","suburb":"Penrith","storeys":3,"storeys_source":"assumed","flats_est":12,"footprint_m2":318.0,"roof_m2":318.0,"heat_anomaly_c":0.16,"heat_band":"average","renter_share":0.778,"quick_score":56}},{"type":"Feature","geometry":{"type":"Polygon","coordinates":[[[150.695906,-33.746258],[150.695853,-33.746396],[150.695892,-33.746407],[150.695959,-33.746425],[150.696027,-33.746443],[150.696077,-33.746457],[150.696131,-33.746319],[150.696079,-33.746305],[150.696013,-33.746287],[150.695944,-33.746269],[150.695906,-33.746258]]]},"properties":{"id":"b_000089","label":"69 Thornton Drive, Penrith","suburb":"Penrith","storeys":3,"storeys_source":"assumed","flats_est":8,"footprint_m2":352.4,"roof_m2":352.4,"heat_anomaly_c":0.69,"heat_band":"hot","renter_share":0.592,"quick_score":52}},{"type":"Feature","geometry":{"type":"Polygon","coordinates":[[[150.697411,-33.745904],[150.697391,-33.745958],[150.697372,-33.745953],[150.697357,-33.745994],[150.697467,-33.746023],[150.697464,-33.746031],[150.697526,-33.746048],[150.697539,-33.746015],[150.697528,-33.746012],[150.697536,-33.745991],[150.697466,-33.745973],[150.697471,-33.74596],[150.697559,-33.745983],[150.697573,-33.745946],[150.697484,-33.745922],[150.697411,-33.745904]]]},"properties":{"id":"b_000090","label":"17 Hudson Street, Penrith","suburb":"Penrith","storeys":3,"storeys_source":"assumed","flats_est":4,"footprint_m2":169.7,"roof_m2":169.7,"heat_anomaly_c":1.79,"heat_band":"hottest","renter_share":0.592,"quick_score":68}},{"type":"Feature","geometry":{"type":"Polygon","coordinates":[[[150.712874,-33.744366],[150.712862,-33.744416],[150.712858,-33.744434],[150.712864,-33.744435],[150.712851,-33.744489],[150.712841,-33.744487],[150.712838,-33.7445],[150.712825,-33.744552],[150.71295,-33.744572],[150.712963,-33.74452],[150.71295,-33.744518],[150.712982,-33.744384],[150.712874,-33.744366]]]},"properties":{"id":"b_000091","label":"6 Orana Avenue, Penrith (block 2 of 2)","suburb":"Penrith","storeys":3,"storeys_source":"assumed","flats_est":4,"footprint_m2":221.6,"roof_m2":221.6,"heat_anomaly_c":-0.35,"heat_band":"cooler","renter_share":0.554,"quick_score":17}},{"type":"Feature","geometry":{"type":"Polygon","coordinates":[[[150.712664,-33.744201],[150.712658,-33.744256],[150.712671,-33.744257],[150.712668,-33.744284],[150.712676,-33.744285],[150.712674,-33.744305],[150.712652,-33.744303],[150.712621,-33.744301],[150.712615,-33.744347],[150.712644,-33.744349],[150.71264,-33.744382],[150.712653,-33.744383],[150.712651,-33.744399],[150.712614,-33.744396],[150.712608,-33.74445],[150.712642,-33.744453],[150.71264,-33.744468],[150.712603,-33.744465],[150.712599,-33.744498],[150.712597,-33.744515],[150.712612,-33.744516],[150.712609,-33.744542],[150.712744,-33.744554],[150.712745,-33.744545],[150.71275,-33.744507],[150.712738,-33.744506],[150.712742,-33.744478],[150.712731,-33.744478],[150.712734,-33.744456],[150.712774,-33.744459],[150.712774,-33.744456],[150.712779,-33.744413],[150.712752,-33.744411],[150.712754,-33.744387],[150.712769,-33.744388],[150.712772,-33.744363],[150.712777,-33.744316],[150.712764,-33.744315],[150.712766,-33.744294],[150.712798,-33.744296],[150.712801,-33.744275],[150.712808,-33.744213],[150.712664,-33.744201]]]},"properties":{"id":"b_000092","label":"6 Orana Avenue, Penrith (block 1 of 2)","suburb":"Penrith","storeys":3,"storeys_source":"assumed","flats_est":10,"footprint_m2":487.9,"roof_m2":487.9,"heat_anomaly_c":-0.42,"heat_band":"cooler","renter_share":0.554,"quick_score":16}},{"type":"Feature","geometry":{"type":"Polygon","coordinates":[[[150.705493,-33.748279],[150.705346,-33.748258],[150.705314,-33.748408],[150.70546,-33.748429],[150.70547,-33.748382],[150.705463,-33.748381],[150.705476,-33.748322],[150.705484,-33.748323],[150.705493,-33.748279]]]},"properties":{"id":"b_000093","label":"33 Robert Street, Penrith (block 1 of 2)","suburb":"Penrith","storeys":3,"storeys_source":"assumed","flats_est":5,"footprint_m2":228.3,"roof_m2":228.3,"heat_anomaly_c":-0.08,"heat_band":"average","renter_share":0.551,"quick_score":23}},{"type":"Feature","geometry":{"type":"Polygon","coordinates":[[[150.705454,-33.748451],[150.705307,-33.748429],[150.705276,-33.748579],[150.705421,-33.748601],[150.705432,-33.748554],[150.705425,-33.748553],[150.705437,-33.748493],[150.705445,-33.748494],[150.705454,-33.748451]]]},"properties":{"id":"b_000094","label":"33 Robert Street, Penrith (block 2 of 2)","suburb":"Penrith","storeys":3,"storeys_source":"assumed","flats_est":5,"footprint_m2":228.2,"roof_m2":228.2,"heat_anomaly_c":-0.16,"heat_band":"average","renter_share":0.551,"quick_score":21}},{"type":"Feature","geometry":{"type":"Polygon","coordinates":[[[150.707376,-33.749147],[150.707301,-33.749508],[150.707458,-33.749531],[150.70753,-33.749183],[150.707507,-33.74918],[150.70751,-33.749166],[150.707376,-33.749147]]]},"properties":{"id":"b_000095","label":"12 Robert Street, Penrith","suburb":"Penrith","storeys":3,"storeys_source":"assumed","flats_est":10,"footprint_m2":594.1,"roof_m2":594.1,"heat_anomaly_c":0.55,"heat_band":"hot","renter_share":0.551,"quick_score":44}},{"type":"Feature","geometry":{"type":"Polygon","coordinates":[[[150.706905,-33.749331],[150.706885,-33.749442],[150.707226,-33.749485],[150.707246,-33.749372],[150.707195,-33.749366],[150.707193,-33.749379],[150.70713,-33.749371],[150.707132,-33.749358],[150.707023,-33.749344],[150.707021,-33.749359],[150.706959,-33.749352],[150.706962,-33.749338],[150.706905,-33.749331]]]},"properties":{"id":"b_000096","label":"14-16 Robert Street, Penrith (block 2 of 2)","suburb":"Penrith","storeys":3,"storeys_source":"assumed","flats_est":8,"footprint_m2":385.6,"roof_m2":385.6,"heat_anomaly_c":0.35,"heat_band":"warm","renter_share":0.551,"quick_score":36}},{"type":"Feature","geometry":{"type":"Polygon","coordinates":[[[150.706941,-33.74911],[150.706923,-33.749205],[150.707121,-33.749232],[150.707139,-33.749137],[150.70709,-33.749131],[150.707093,-33.749115],[150.706995,-33.749102],[150.706992,-33.749117],[150.706941,-33.74911]]]},"properties":{"id":"b_000097","label":"14-16 Robert Street, Penrith (block 1 of 2)","suburb":"Penrith","storeys":3,"storeys_source":"assumed","flats_est":4,"footprint_m2":213.8,"roof_m2":213.8,"heat_anomaly_c":0.4,"heat_band":"warm","renter_share":0.551,"quick_score":38}},{"type":"Feature","geometry":{"type":"Polygon","coordinates":[[[150.707752,-33.749659],[150.707684,-33.749998],[150.707783,-33.750012],[150.707852,-33.749673],[150.707752,-33.749659]]]},"properties":{"id":"b_000098","label":"5-7 Thurston Street, Penrith (block 1 of 2)","suburb":"Penrith","storeys":3,"storeys_source":"assumed","flats_est":8,"footprint_m2":356.9,"roof_m2":356.9,"heat_anomaly_c":0.49,"heat_band":"hot","renter_share":0.551,"quick_score":42}},{"type":"Feature","geometry":{"type":"Polygon","coordinates":[[[150.707968,-33.749689],[150.707901,-33.750028],[150.707999,-33.750042],[150.708066,-33.749702],[150.707968,-33.749689]]]},"properties":{"id":"b_000099","label":"5-7 Thurston Street, Penrith (block 2 of 2)","suburb":"Penrith","storeys":3,"storeys_source":"assumed","flats_est":8,"footprint_m2":353.2,"roof_m2":353.2,"heat_anomaly_c":0.52,"heat_band":"hot","renter_share":0.551,"quick_score":42}},{"type":"Feature","geometry":{"type":"Polygon","coordinates":[[[150.707065,-33.74966],[150.707038,-33.749796],[150.707019,-33.749793],[150.706997,-33.749906],[150.707051,-33.749914],[150.707056,-33.749892],[150.707104,-33.749899],[150.707099,-33.749921],[150.707152,-33.749928],[150.707174,-33.749817],[150.707159,-33.749815],[150.707186,-33.749677],[150.707065,-33.74966]]]},"properties":{"id":"b_000100","label":"13 Thurston Street, Penrith","suburb":"Penrith","storeys":3,"storeys_source":"assumed","flats_est":9,"footprint_m2":347.8,"roof_m2":347.8,"heat_anomaly_c":0.23,"heat_band":"warm","renter_share":0.551,"quick_score":32}},{"type":"Feature","geometry":{"type":"Polygon","coordinates":[[[150.706494,-33.74948],[150.706472,-33.749591],[150.706486,-33.749593],[150.706461,-33.749718],[150.706447,-33.749716],[150.706424,-33.749832],[150.706497,-33.749842],[150.706496,-33.749848],[150.706543,-33.749854],[150.706544,-33.749848],[150.706593,-33.749855],[150.706592,-33.749861],[150.706639,-33.749867],[150.70664,-33.749862],[150.706694,-33.749869],[150.706708,-33.749801],[150.706624,-33.749789],[150.706634,-33.749736],[150.706656,-33.749739],[150.706663,-33.749699],[150.706644,-33.749696],[150.70665,-33.749666],[150.706672,-33.749669],[150.70668,-33.749625],[150.70666,-33.749623],[150.706669,-33.749577],[150.70677,-33.749591],[150.706785,-33.749519],[150.706705,-33.749508],[150.706707,-33.749501],[150.706671,-33.749496],[150.706669,-33.749504],[150.706613,-33.749496],[150.706615,-33.749488],[150.706571,-33.749483],[150.706569,-33.74949],[150.706494,-33.74948]]]},"properties":{"id":"b_000101","label":"19-21 Thurston Street, Penrith","suburb":"Penrith","storeys":3,"storeys_source":"assumed","flats_est":18,"footprint_m2":846.6,"roof_m2":846.6,"heat_anomaly_c":-0.15,"heat_band":"average","renter_share":0.551,"quick_score":21}},{"type":"Feature","geometry":{"type":"Polygon","coordinates":[[[150.704861,-33.749504],[150.704836,-33.74963],[150.704872,-33.749635],[150.704874,-33.749626],[150.704914,-33.749631],[150.704912,-33.74964],[150.704949,-33.749645],[150.704951,-33.749635],[150.704988,-33.74964],[150.704986,-33.749649],[150.705019,-33.749654],[150.705021,-33.749642],[150.705064,-33.749648],[150.705079,-33.749569],[150.70504,-33.749564],[150.705044,-33.749547],[150.705012,-33.749542],[150.705015,-33.749526],[150.704945,-33.749516],[150.704946,-33.74951],[150.70489,-33.749502],[150.704888,-33.749508],[150.704861,-33.749504]]]},"properties":{"id":"b_000102","label":"35-37 Thurston Street, Penrith","suburb":"Penrith","storeys":3,"storeys_source":"assumed","flats_est":5,"footprint_m2":267.2,"roof_m2":267.2,"heat_anomaly_c":-0.83,"heat_band":"cooler","renter_share":0.551,"quick_score":11}},{"type":"Feature","geometry":{"type":"Polygon","coordinates":[[[150.70828,-33.750082],[150.708392,-33.750097],[150.708452,-33.749802],[150.708339,-33.749786],[150.708324,-33.749862],[150.708337,-33.749864],[150.708309,-33.75],[150.708297,-33.749998],[150.70828,-33.750082]]]},"properties":{"id":"b_000103","label":"1 Thurston Street, Penrith","suburb":"Penrith","storeys":3,"storeys_source":"assumed","flats_est":6,"footprint_m2":333.6,"roof_m2":333.6,"heat_anomaly_c":0.55,"heat_band":"hot","renter_share":0.551,"quick_score":44}},{"type":"Feature","geometry":{"type":"Polygon","coordinates":[[[150.704494,-33.749129],[150.704544,-33.749082],[150.704306,-33.748906],[150.704163,-33.74904],[150.704438,-33.749242],[150.70453,-33.749155],[150.704494,-33.749129]]]},"properties":{"id":"b_000104","label":"7-9 Lemongrove Road, Penrith","suburb":"Penrith","storeys":3,"storeys_source":"assumed","flats_est":11,"footprint_m2":642.0,"roof_m2":642.0,"heat_anomaly_c":-0.2,"heat_band":"average","renter_share":0.696,"quick_score":35}},{"type":"Feature","geometry":{"type":"Polygon","coordinates":[[[150.704559,-33.748752],[150.704421,-33.748894],[150.704566,-33.748991],[150.704538,-33.74902],[150.704604,-33.749065],[150.70477,-33.748894],[150.704559,-33.748752]]]},"properties":{"id":"b_000105","label":"5 Lemongrove Road, Penrith","suburb":"Penrith","storeys":3,"storeys_source":"assumed","flats_est":12,"footprint_m2":540.4,"roof_m2":540.4,"heat_anomaly_c":-0.15,"heat_band":"average","renter_share":0.696,"quick_score":36}},{"type":"Feature","geometry":{"type":"Polygon","coordinates":[[[150.693333,-33.755553],[150.693354,-33.75556],[150.693337,-33.755564],[150.693354,-33.755571],[150.693369,-33.755581],[150.693435,-33.755628],[150.693489,-33.755567],[150.693518,-33.755586],[150.693522,-33.755582],[150.693552,-33.755602],[150.693546,-33.755609],[150.693566,-33.755619],[150.693551,-33.755634],[150.693583,-33.755653],[150.693661,-33.755592],[150.693654,-33.755588],[150.693666,-33.755576],[150.693646,-33.755563],[150.693674,-33.755534],[150.693642,-33.755514],[150.693656,-33.7555],[150.693645,-33.755493],[150.693627,-33.755481],[150.693611,-33.755469],[150.693598,-33.755456],[150.693582,-33.755473],[150.693568,-33.755465],[150.693587,-33.755444],[150.69357,-33.755433],[150.693556,-33.755424],[150.693535,-33.755417],[150.693506,-33.755413],[150.693483,-33.755415],[150.693456,-33.755423],[150.693435,-33.755437],[150.69342,-33.75545],[150.693411,-33.755469],[150.693423,-33.75547],[150.693403,-33.755485],[150.693424,-33.7555],[150.693414,-33.755512],[150.69339,-33.755491],[150.693388,-33.755487],[150.693379,-33.755494],[150.693367,-33.75551],[150.69336,-33.755527],[150.69335,-33.755542],[150.693333,-33.755553]]]},"properties":{"id":"b_000106","label":"114 Station Street, Penrith","suburb":"Penrith","storeys":3,"storeys_source":"assumed","flats_est":25,"footprint_m2":476.9,"roof_m2":476.9,"heat_anomaly_c":1.36,"heat_band":"hottest","renter_share":0.462,"quick_score":56}},{"type":"Feature","geometry":{"type":"Polygon","coordinates":[[[150.707991,-33.758294],[150.707961,-33.758387],[150.707988,-33.758393],[150.707983,-33.758411],[150.707955,-33.758405],[150.707912,-33.758537],[150.70794,-33.758543],[150.707934,-33.758562],[150.707906,-33.758556],[150.707876,-33.758647],[150.70818,-33.758716],[150.70825,-33.758502],[150.708218,-33.758494],[150.708227,-33.758467],[150.708259,-33.758475],[150.70827,-33.758441],[150.70828,-33.758443],[150.708291,-33.758412],[150.708278,-33.758409],[150.70829,-33.75837],[150.708209,-33.758352],[150.708205,-33.758363],[150.708177,-33.758356],[150.708183,-33.758338],[150.70813,-33.758325],[150.708124,-33.758342],[150.708067,-33.758329],[150.708073,-33.758312],[150.707991,-33.758294]]]},"properties":{"id":"b_000107","label":"18 Colless Street, Penrith","suburb":"Penrith","storeys":3,"storeys_source":"assumed","flats_est":46,"footprint_m2":1142.1,"roof_m2":1142.1,"heat_anomaly_c":-0.94,"heat_band":"cooler","renter_share":0.792,"quick_score":38}},{"type":"Feature","geometry":{"type":"Polygon","coordinates":[[[150.704184,-33.751931],[150.704169,-33.752005],[150.704262,-33.752018],[150.70426,-33.752028],[150.704289,-33.752032],[150.704277,-33.752093],[150.704265,-33.752091],[150.70426,-33.75212],[150.704172,-33.752107],[150.704157,-33.752178],[150.704196,-33.752184],[150.704194,-33.752194],[150.704231,-33.752199],[150.704228,-33.752215],[150.704296,-33.752224],[150.704292,-33.752243],[150.704389,-33.752257],[150.704406,-33.752175],[150.704346,-33.752167],[150.704373,-33.752034],[150.704403,-33.752038],[150.704418,-33.751964],[150.704184,-33.751931]]]},"properties":{"id":"b_000108","label":"20-22 The Crescent, Penrith","suburb":"Penrith","storeys":3,"storeys_source":"assumed","flats_est":12,"footprint_m2":503.4,"roof_m2":503.4,"heat_anomaly_c":0.7,"heat_band":"hot","renter_share":0.696,"quick_score":62}},{"type":"Feature","geometry":{"type":"Polygon","coordinates":[[[150.704388,-33.751588],[150.70437,-33.751673],[150.70441,-33.751679],[150.704409,-33.751687],[150.704521,-33.751703],[150.704522,-33.751693],[150.704574,-33.7517],[150.704571,-33.751711],[150.70463,-33.751719],[150.704651,-33.751618],[150.704593,-33.75161],[150.704593,-33.751617],[150.704518,-33.751606],[150.70452,-33.751598],[150.704453,-33.751589],[150.704452,-33.751597],[150.704388,-33.751588]]]},"properties":{"id":"b_000109","label":"15 Hemmings Street, Penrith","suburb":"Penrith","storeys":3,"storeys_source":"assumed","flats_est":6,"footprint_m2":260.0,"roof_m2":260.0,"heat_anomaly_c":0.76,"heat_band":"hot","renter_share":0.696,"quick_score":64}},{"type":"Feature","geometry":{"type":"Polygon","coordinates":[[[150.704287,-33.75134],[150.70426,-33.751479],[150.704675,-33.751536],[150.704702,-33.7514],[150.704621,-33.751389],[150.704618,-33.751404],[150.704371,-33.75137],[150.704375,-33.751352],[150.704287,-33.75134]]]},"properties":{"id":"b_000110","label":"11-13 Hemmings Street, Penrith","suburb":"Penrith","storeys":3,"storeys_source":"assumed","flats_est":15,"footprint_m2":558.6,"roof_m2":558.6,"heat_anomaly_c":0.66,"heat_band":"hot","renter_share":0.696,"quick_score":61}},{"type":"Feature","geometry":{"type":"Polygon","coordinates":[[[150.704386,-33.751049],[150.704367,-33.751148],[150.704743,-33.751199],[150.704762,-33.7511],[150.704386,-33.751049]]]},"properties":{"id":"b_000111","label":"9 Hemmings Street, Penrith","suburb":"Penrith","storeys":3,"storeys_source":"assumed","flats_est":7,"footprint_m2":394.1,"roof_m2":394.1,"heat_anomaly_c":0.48,"heat_band":"hot","renter_share":0.696,"quick_score":56}},{"type":"Feature","geometry":{"type":"Polygon","coordinates":[[[150.704423,-33.750868],[150.704403,-33.750967],[150.704779,-33.751021],[150.704799,-33.750922],[150.704423,-33.750868]]]},"properties":{"id":"b_000112","label":"7 Hemmings Street, Penrith","suburb":"Penrith","storeys":3,"storeys_source":"assumed","flats_est":7,"footprint_m2":392.8,"roof_m2":392.8,"heat_anomaly_c":0.19,"heat_band":"warm","renter_share":0.696,"quick_score":46}},{"type":"Feature","geometry":{"type":"Polygon","coordinates":[[[150.704544,-33.750665],[150.704517,-33.750802],[150.704656,-33.75082],[150.704665,-33.750773],[150.704687,-33.750776],[150.704678,-33.750821],[150.704816,-33.75084],[150.704842,-33.750705],[150.704544,-33.750665]]]},"properties":{"id":"b_000113","label":"5 Hemmings Street, Penrith","suburb":"Penrith","storeys":3,"storeys_source":"assumed","flats_est":7,"footprint_m2":416.8,"roof_m2":416.8,"heat_anomaly_c":0.09,"heat_band":"average","renter_share":0.696,"quick_score":42}},{"type":"Feature","geometry":{"type":"Polygon","coordinates":[[[150.704523,-33.750472],[150.704498,-33.750601],[150.70484,-33.750648],[150.704865,-33.750518],[150.704523,-33.750472]]]},"properties":{"id":"b_000114","label":"3 Hemmings Street, Penrith","suburb":"Penrith","storeys":3,"storeys_source":"assumed","flats_est":6,"footprint_m2":467.5,"roof_m2":467.5,"heat_anomaly_c":-0.07,"heat_band":"average","renter_share":0.696,"quick_score":39}},{"type":"Feature","geometry":{"type":"Polygon","coordinates":[[[150.703887,-33.750764],[150.703864,-33.750868],[150.703884,-33.750871],[150.70388,-33.75089],[150.703946,-33.750901],[150.70395,-33.750883],[150.704152,-33.750914],[150.704175,-33.750808],[150.703887,-33.750764]]]},"properties":{"id":"b_000115","label":"8 Macquarie Avenue, Penrith","suburb":"Penrith","storeys":3,"storeys_source":"assumed","flats_est":8,"footprint_m2":336.3,"roof_m2":336.3,"heat_anomaly_c":-0.14,"heat_band":"average","renter_share":0.696,"quick_score":37}},{"type":"Feature","geometry":{"type":"Polygon","coordinates":[[[150.705104,-33.75126],[150.705097,-33.751292],[150.705061,-33.751287],[150.705034,-33.751419],[150.705175,-33.751438],[150.705172,-33.751452],[150.705241,-33.751461],[150.705243,-33.751449],[150.705381,-33.751468],[150.705414,-33.751305],[150.705396,-33.751303],[150.705398,-33.751294],[150.705324,-33.751283],[150.705323,-33.75129],[150.705309,-33.751288],[150.705299,-33.751338],[150.705218,-33.751327],[150.705228,-33.751277],[150.705104,-33.75126]]]},"properties":{"id":"b_000116","label":"10-12 Hemmings Street, Penrith","suburb":"Penrith","storeys":3,"storeys_source":"assumed","flats_est":13,"footprint_m2":563.3,"roof_m2":563.3,"heat_anomaly_c":0.98,"heat_band":"hot","renter_share":0.696,"quick_score":68}},{"type":"Feature","geometry":{"type":"Polygon","coordinates":[[[150.705357,-33.752058],[150.705341,-33.752138],[150.705313,-33.752134],[150.705307,-33.752164],[150.705298,-33.752163],[150.705288,-33.752216],[150.705357,-33.752225],[150.705361,-33.752204],[150.705384,-33.752207],[150.705391,-33.752168],[150.705383,-33.752167],[150.705385,-33.752156],[150.705419,-33.75216],[150.705415,-33.752179],[150.705648,-33.75221],[150.705667,-33.752113],[150.705538,-33.752096],[150.705535,-33.752108],[150.705488,-33.752102],[150.705491,-33.752086],[150.705451,-33.752081],[150.705452,-33.752071],[150.705357,-33.752058]]]},"properties":{"id":"b_000117","label":"25 Blaxland Avenue, Penrith","suburb":"Penrith","storeys":3,"storeys_source":"assumed","flats_est":5,"footprint_m2":379.5,"roof_m2":379.5,"heat_anomaly_c":1.45,"heat_band":"hottest","renter_share":0.696,"quick_score":76}},{"type":"Feature","geometry":{"type":"Polygon","coordinates":[[[150.705441,-33.751727],[150.705439,-33.751737],[150.705411,-33.751734],[150.70539,-33.751856],[150.705462,-33.751865],[150.705468,-33.751833],[150.705542,-33.751842],[150.705543,-33.751834],[150.705574,-33.751838],[150.705571,-33.751852],[150.705729,-33.751871],[150.705737,-33.751824],[150.705727,-33.751822],[150.705735,-33.751774],[150.705705,-33.751771],[150.705707,-33.751759],[150.705441,-33.751727]]]},"properties":{"id":"b_000118","label":"19 Blaxland Avenue, Penrith","suburb":"Penrith","storeys":3,"storeys_source":"assumed","flats_est":9,"footprint_m2":371.5,"roof_m2":371.5,"heat_anomaly_c":1.37,"heat_band":"hottest","renter_share":0.696,"quick_score":74}},{"type":"Feature","geometry":{"type":"Polygon","coordinates":[[[150.705473,-33.751523],[150.705458,-33.7516],[150.705432,-33.751597],[150.705427,-33.751625],[150.705419,-33.751624],[150.705408,-33.75168],[150.705476,-33.751688],[150.705479,-33.751669],[150.705487,-33.75167],[150.705504,-33.751659],[150.705508,-33.751636],[150.705497,-33.751623],[150.705488,-33.751621],[150.705489,-33.751618],[150.70553,-33.751623],[150.705527,-33.75164],[150.70556,-33.751644],[150.705558,-33.751654],[150.705656,-33.751667],[150.705658,-33.751655],[150.705709,-33.751661],[150.705706,-33.751678],[150.705738,-33.751682],[150.705739,-33.751674],[150.705773,-33.751679],[150.705791,-33.751588],[150.705753,-33.751583],[150.705756,-33.751573],[150.70565,-33.751559],[150.705648,-33.751571],[150.7056,-33.751565],[150.705602,-33.751557],[150.705555,-33.751551],[150.705558,-33.751534],[150.705473,-33.751523]]]},"properties":{"id":"b_000119","label":"17 Blaxland Avenue, Penrith","suburb":"Penrith","storeys":3,"storeys_source":"assumed","flats_est":5,"footprint_m2":385.0,"roof_m2":385.0,"heat_anomaly_c":1.28,"heat_band":"hottest","renter_share":0.696,"quick_score":73}},{"type":"Feature","geometry":{"type":"Polygon","coordinates":[[[150.705534,-33.751178],[150.705492,-33.751392],[150.705596,-33.751406],[150.705611,-33.751326],[150.705631,-33.751329],[150.705638,-33.751293],[150.70562,-33.75129],[150.705628,-33.75125],[150.705736,-33.751265],[150.705728,-33.751306],[150.705711,-33.751304],[150.705703,-33.751341],[150.70572,-33.751343],[150.705704,-33.75142],[150.705795,-33.751433],[150.705838,-33.75122],[150.705534,-33.751178]]]},"properties":{"id":"b_000120","label":"13-15 Blaxland Avenue, Penrith","suburb":"Penrith","storeys":3,"storeys_source":"assumed","flats_est":10,"footprint_m2":517.9,"roof_m2":517.9,"heat_anomaly_c":1.02,"heat_band":"hottest","renter_share":0.696,"quick_score":68}},{"type":"Feature","geometry":{"type":"Polygon","coordinates":[[[150.706435,-33.750147],[150.706422,-33.75021],[150.706405,-33.750207],[150.706355,-33.750452],[150.706465,-33.750467],[150.706513,-33.750233],[150.706529,-33.750235],[150.706544,-33.750163],[150.706435,-33.750147]]]},"properties":{"id":"b_000121","label":"20 Thurston Street, Penrith","suburb":"Penrith","storeys":3,"storeys_source":"assumed","flats_est":8,"footprint_m2":358.5,"roof_m2":358.5,"heat_anomaly_c":-0.37,"heat_band":"cooler","renter_share":0.719,"quick_score":35}},{"type":"Feature","geometry":{"type":"Polygon","coordinates":[[[150.706621,-33.750185],[150.706563,-33.750459],[150.706683,-33.750476],[150.706741,-33.750203],[150.706621,-33.750185]]]},"properties":{"id":"b_000122","label":"18 Thurston Street, Penrith","suburb":"Penrith","storeys":3,"storeys_source":"assumed","flats_est":8,"footprint_m2":347.8,"roof_m2":347.8,"heat_anomaly_c":-0.11,"heat_band":"average","renter_share":0.719,"quick_score":42}},{"type":"Feature","geometry":{"type":"Polygon","coordinates":[[[150.706842,-33.750198],[150.706777,-33.75052],[150.706879,-33.750534],[150.706944,-33.750213],[150.706842,-33.750198]]]},"properties":{"id":"b_000123","label":"16 Thurston Street, Penrith","suburb":"Penrith","storeys":3,"storeys_source":"assumed","flats_est":8,"footprint_m2":346.5,"roof_m2":346.5,"heat_anomaly_c":0.16,"heat_band":"warm","renter_share":0.719,"quick_score":49}},{"type":"Feature","geometry":{"type":"Polygon","coordinates":[[[150.707026,-33.75023],[150.707009,-33.750313],[150.707023,-33.750315],[150.706996,-33.750447],[150.706985,-33.750445],[150.706967,-33.750529],[150.707077,-33.750544],[150.707139,-33.750246],[150.707026,-33.75023]]]},"properties":{"id":"b_000124","label":"14 Thurston Street, Penrith","suburb":"Penrith","storeys":3,"storeys_source":"assumed","flats_est":6,"footprint_m2":334.0,"roof_m2":334.0,"heat_anomaly_c":0.45,"heat_band":"warm","renter_share":0.719,"quick_score":59}},{"type":"Feature","geometry":{"type":"Polygon","coordinates":[[[150.70672,-33.750602],[150.706696,-33.750718],[150.70681,-33.750735],[150.706811,-33.750728],[150.706904,-33.750741],[150.706903,-33.750747],[150.707019,-33.750763],[150.707043,-33.750649],[150.706925,-33.750632],[150.706922,-33.750646],[150.706829,-33.750633],[150.706832,-33.750618],[150.70672,-33.750602]]]},"properties":{"id":"b_000125","label":"2 Blaxland Avenue, Penrith (block 1 of 2)","suburb":"Penrith","storeys":3,"storeys_source":"assumed","flats_est":12,"footprint_m2":374.3,"roof_m2":374.3,"heat_anomaly_c":0.37,"heat_band":"warm","renter_share":0.719,"quick_score":56}},{"type":"Feature","geometry":{"type":"Polygon","coordinates":[[[150.706626,-33.750784],[150.706603,-33.750902],[150.706724,-33.750918],[150.706726,-33.750908],[150.706814,-33.75092],[150.706812,-33.750929],[150.706932,-33.750946],[150.706934,-33.750939],[150.707021,-33.750951],[150.707041,-33.750851],[150.706953,-33.750839],[150.706954,-33.750832],[150.706843,-33.750817],[150.706842,-33.750824],[150.706741,-33.75081],[150.706743,-33.7508],[150.706626,-33.750784]]]},"properties":{"id":"b_000126","label":"2 Blaxland Avenue, Penrith (block 2 of 2)","suburb":"Penrith","storeys":3,"storeys_source":"assumed","flats_est":16,"footprint_m2":476.9,"roof_m2":476.9,"heat_anomaly_c":0.63,"heat_band":"hot","renter_share":0.719,"quick_score":65}},{"type":"Feature","geometry":{"type":"Polygon","coordinates":[[[150.706579,-33.751347],[150.706548,-33.751503],[150.706872,-33.751548],[150.706903,-33.751392],[150.706579,-33.751347]]]},"properties":{"id":"b_000127","label":"9 Haynes Street, Penrith","suburb":"Penrith","storeys":3,"storeys_source":"assumed","flats_est":12,"footprint_m2":531.3,"roof_m2":531.3,"heat_anomaly_c":1.02,"heat_band":"hottest","renter_share":0.719,"quick_score":73}},{"type":"Feature","geometry":{"type":"Polygon","coordinates":[[[150.706553,-33.751684],[150.706492,-33.751984],[150.706595,-33.751999],[150.706599,-33.751979],[150.706783,-33.752005],[150.706797,-33.751936],[150.706651,-33.751916],[150.706678,-33.751785],[150.706816,-33.751805],[150.706829,-33.751741],[150.706646,-33.751715],[150.706649,-33.751698],[150.706553,-33.751684]]]},"properties":{"id":"b_000128","label":"13-15 Haynes Street, Penrith","suburb":"Penrith","storeys":3,"storeys_source":"assumed","flats_est":12,"footprint_m2":630.8,"roof_m2":630.8,"heat_anomaly_c":1.17,"heat_band":"hottest","renter_share":0.719,"quick_score":75}},{"type":"Feature","geometry":{"type":"Polygon","coordinates":[[[150.70647,-33.752054],[150.706451,-33.752148],[150.706476,-33.752152],[150.706459,-33.752232],[150.706207,-33.752197],[150.70619,-33.752279],[150.706407,-33.752309],[150.706403,-33.752329],[150.706717,-33.752374],[150.706743,-33.752247],[150.706673,-33.752237],[150.706679,-33.752209],[150.706749,-33.752219],[150.706763,-33.752148],[150.706771,-33.752149],[150.706782,-33.752095],[150.70665,-33.752076],[150.706645,-33.752102],[150.706559,-33.75209],[150.706564,-33.752067],[150.70647,-33.752054]]]},"properties":{"id":"b_000129","label":"17-19 Haynes Street, Penrith","suburb":"Penrith","storeys":3,"storeys_source":"assumed","flats_est":25,"footprint_m2":1034.9,"roof_m2":1034.9,"heat_anomaly_c":1.12,"heat_band":"hottest","renter_share":0.719,"quick_score":74}},{"type":"Feature","geometry":{"type":"Polygon","coordinates":[[[150.706482,-33.752404],[150.706423,-33.752692],[150.706554,-33.752711],[150.706556,-33.752701],[150.706638,-33.752712],[150.706652,-33.752646],[150.70657,-33.752634],[150.706568,-33.752641],[150.706519,-33.752634],[150.70655,-33.752483],[150.706598,-33.75249],[150.706578,-33.752586],[150.706656,-33.752598],[150.706688,-33.752443],[150.706608,-33.752432],[150.70661,-33.752422],[150.706482,-33.752404]]]},"properties":{"id":"b_000130","label":"21-23 Haynes Street, Penrith","suburb":"Penrith","storeys":3,"storeys_source":"assumed","flats_est":14,"footprint_m2":503.0,"roof_m2":503.0,"heat_anomaly_c":0.84,"heat_band":"hot","renter_share":0.719,"quick_score":70}},{"type":"Feature","geometry":{"type":"Polygon","coordinates":[[[150.706466,-33.75281],[150.706416,-33.752803],[150.706413,-33.752817],[150.706279,-33.752799],[150.706261,-33.752891],[150.706393,-33.752909],[150.706391,-33.752921],[150.706409,-33.752923],[150.706409,-33.752927],[150.706357,-33.75292],[150.706348,-33.752962],[150.706363,-33.752964],[150.70635,-33.753033],[150.706357,-33.753034],[150.706352,-33.753063],[150.706434,-33.753074],[150.70645,-33.753077],[150.706456,-33.753046],[150.706463,-33.753047],[150.706465,-33.753038],[150.706477,-33.752974],[150.706494,-33.752976],[150.706501,-33.752943],[150.706449,-33.752936],[150.706451,-33.752927],[150.706468,-33.752929],[150.70647,-33.752922],[150.70656,-33.752934],[150.706568,-33.752891],[150.706585,-33.752894],[150.706595,-33.752844],[150.706463,-33.752826],[150.706466,-33.75281]]]},"properties":{"id":"b_000131","label":"25 Haynes Street, Penrith (block 1 of 3)","suburb":"Penrith","storeys":3,"storeys_source":"assumed","flats_est":12,"footprint_m2":491.9,"roof_m2":491.9,"heat_anomaly_c":0.7,"heat_band":"hot","renter_share":0.719,"quick_score":67}},{"type":"Feature","geometry":{"type":"Polygon","coordinates":[[[150.706115,-33.753004],[150.7061,-33.753079],[150.706126,-33.753083],[150.706117,-33.753127],[150.706162,-33.753133],[150.706164,-33.75312],[150.706233,-33.75313],[150.70622,-33.75319],[150.706256,-33.753195],[150.706255,-33.753201],[150.70634,-33.753214],[150.706337,-33.753228],[150.706377,-33.753234],[150.706401,-33.753117],[150.706359,-33.75311],[150.706356,-33.753122],[150.70629,-33.753112],[150.706302,-33.753051],[150.706269,-33.753047],[150.70627,-33.75304],[150.706186,-33.753028],[150.706188,-33.753014],[150.706115,-33.753004]]]},"properties":{"id":"b_000132","label":"25 Haynes Street, Penrith (block 2 of 3)","suburb":"Penrith","storeys":3,"storeys_source":"assumed","flats_est":8,"footprint_m2":344.5,"roof_m2":344.5,"heat_anomaly_c":0.75,"heat_band":"hot","renter_share":0.719,"quick_score":69}},{"type":"Feature","geometry":{"type":"Polygon","coordinates":[[[150.706465,-33.753038],[150.706463,-33.753047],[150.706456,-33.753046],[150.70645,-33.753077],[150.706434,-33.753074],[150.70642,-33.753144],[150.706404,-33.753142],[150.706391,-33.753207],[150.706399,-33.753208],[150.706385,-33.75328],[150.706437,-33.753287],[150.706433,-33.753306],[150.706502,-33.753315],[150.706525,-33.753201],[150.706539,-33.753203],[150.706548,-33.753161],[150.706531,-33.753159],[150.706553,-33.75305],[150.706465,-33.753038]]]},"properties":{"id":"b_000133","label":"25 Haynes Street, Penrith (block 3 of 3)","suburb":"Penrith","storeys":3,"storeys_source":"assumed","flats_est":8,"footprint_m2":322.2,"roof_m2":322.2,"heat_anomaly_c":0.52,"heat_band":"hot","renter_share":0.719,"quick_score":62}},{"type":"Feature","geometry":{"type":"Polygon","coordinates":[[[150.706102,-33.751794],[150.706079,-33.751916],[150.70611,-33.75192],[150.706115,-33.751892],[150.706135,-33.751894],[150.70613,-33.751923],[150.706204,-33.751933],[150.706209,-33.751905],[150.706225,-33.751907],[150.706219,-33.751935],[150.706294,-33.751945],[150.706299,-33.751918],[150.706314,-33.75192],[150.706308,-33.751947],[150.706346,-33.751952],[150.706369,-33.751829],[150.706102,-33.751794]]]},"properties":{"id":"b_000134","label":"14 Blaxland Avenue, Penrith","suburb":"Penrith","storeys":3,"storeys_source":"assumed","flats_est":6,"footprint_m2":330.3,"roof_m2":330.3,"heat_anomaly_c":1.31,"heat_band":"hottest","renter_share":0.719,"quick_score":78}},{"type":"Feature","geometry":{"type":"Polygon","coordinates":[[[150.706119,-33.751631],[150.70611,-33.751675],[150.706131,-33.751678],[150.706127,-33.751699],[150.706146,-33.751701],[150.706144,-33.751712],[150.70619,-33.751718],[150.706191,-33.751709],[150.706218,-33.751712],[150.706216,-33.751723],[150.706267,-33.75173],[150.706268,-33.751723],[150.706286,-33.751725],[150.706284,-33.751735],[150.706338,-33.751742],[150.706341,-33.751726],[150.706374,-33.75173],[150.706359,-33.751807],[150.706446,-33.751818],[150.70646,-33.751744],[150.706434,-33.75174],[150.706447,-33.751673],[150.706119,-33.751631]]]},"properties":{"id":"b_000135","label":"12 Blaxland Avenue, Penrith","suburb":"Penrith","storeys":3,"storeys_source":"assumed","flats_est":5,"footprint_m2":313.0,"roof_m2":313.0,"heat_anomaly_c":1.34,"heat_band":"hottest","renter_share":0.719,"quick_score":78}},{"type":"Feature","geometry":{"type":"Polygon","coordinates":[[[150.706389,-33.750573],[150.706366,-33.750691],[150.706381,-33.750693],[150.706372,-33.750742],[150.706356,-33.75074],[150.706333,-33.750861],[150.706492,-33.750882],[150.706515,-33.750762],[150.706507,-33.75076],[150.706516,-33.750712],[150.706524,-33.750714],[150.706547,-33.750595],[150.706389,-33.750573]]]},"properties":{"id":"b_000136","label":"222 Blaxland Avenue, Penrith","suburb":"Penrith","storeys":3,"storeys_source":"assumed","flats_est":11,"footprint_m2":469.0,"roof_m2":469.0,"heat_anomaly_c":0.18,"heat_band":"warm","renter_share":0.719,"quick_score":50}},{"type":"Feature","geometry":{"type":"Polygon","coordinates":[[[150.707492,-33.750287],[150.707484,-33.750328],[150.707472,-33.750326],[150.707414,-33.750605],[150.707538,-33.750623],[150.707585,-33.750397],[150.707599,-33.750399],[150.707619,-33.750305],[150.707492,-33.750287]]]},"properties":{"id":"b_000137","label":"12 Thurston Street, Penrith","suburb":"Penrith","storeys":3,"storeys_source":"assumed","flats_est":8,"footprint_m2":429.0,"roof_m2":429.0,"heat_anomaly_c":0.58,"heat_band":"hot","renter_share":0.719,"quick_score":64}},{"type":"Feature","geometry":{"type":"Polygon","coordinates":[[[150.707698,-33.750318],[150.707681,-33.750402],[150.707689,-33.750404],[150.707663,-33.750533],[150.707657,-33.750532],[150.70764,-33.750619],[150.707753,-33.750634],[150.70777,-33.750551],[150.707762,-33.75055],[150.707788,-33.750416],[150.707799,-33.750417],[150.707815,-33.750334],[150.707698,-33.750318]]]},"properties":{"id":"b_000138","label":"10 Thurston Street, Penrith","suburb":"Penrith","storeys":3,"storeys_source":"assumed","flats_est":8,"footprint_m2":343.2,"roof_m2":343.2,"heat_anomaly_c":0.56,"heat_band":"hot","renter_share":0.719,"quick_score":64}},{"type":"Feature","geometry":{"type":"Polygon","coordinates":[[[150.707907,-33.750346],[150.707856,-33.750599],[150.707978,-33.750616],[150.708029,-33.750363],[150.707907,-33.750346]]]},"properties":{"id":"b_000139","label":"8 Thurston Street, Penrith","suburb":"Penrith","storeys":3,"storeys_source":"assumed","flats_est":9,"footprint_m2":325.7,"roof_m2":325.7,"heat_anomaly_c":0.72,"heat_band":"hot","renter_share":0.719,"quick_score":68}},{"type":"Feature","geometry":{"type":"Polygon","coordinates":[[[150.708082,-33.750677],[150.708073,-33.75072],[150.708163,-33.750733],[150.708168,-33.75071],[150.708179,-33.750712],[150.708245,-33.750395],[150.708155,-33.750382],[150.708143,-33.750439],[150.708133,-33.750438],[150.708123,-33.750482],[150.708134,-33.750484],[150.708128,-33.750509],[150.708117,-33.750507],[150.708107,-33.750553],[150.708118,-33.750555],[150.708113,-33.75058],[150.708102,-33.750579],[150.708093,-33.750621],[150.708105,-33.750623],[150.708093,-33.750678],[150.708082,-33.750677]]]},"properties":{"id":"b_000140","label":"4 Thurston Street, Penrith","suburb":"Penrith","storeys":3,"storeys_source":"assumed","flats_est":5,"footprint_m2":342.8,"roof_m2":342.8,"heat_anomaly_c":0.96,"heat_band":"hot","renter_share":0.719,"quick_score":72}},{"type":"Feature","geometry":{"type":"Polygon","coordinates":[[[150.708336,-33.750839],[150.708268,-33.75083],[150.70827,-33.75082],[150.70799,-33.750783],[150.707991,-33.750778],[150.707919,-33.750769],[150.707889,-33.750925],[150.708309,-33.750981],[150.708336,-33.750839]]]},"properties":{"id":"b_000141","label":"21-23 King Street, Penrith","suburb":"Penrith","storeys":3,"storeys_source":"assumed","flats_est":13,"footprint_m2":667.7,"roof_m2":667.7,"heat_anomaly_c":1.1,"heat_band":"hottest","renter_share":0.719,"quick_score":74}},{"type":"Feature","geometry":{"type":"Polygon","coordinates":[[[150.707788,-33.751821],[150.707771,-33.751904],[150.707814,-33.75191],[150.707816,-33.751902],[150.707976,-33.751925],[150.707974,-33.751934],[150.708021,-33.751941],[150.708038,-33.751856],[150.707788,-33.751821]]]},"properties":{"id":"b_000142","label":"37-39 King Street, Penrith","suburb":"Penrith","storeys":3,"storeys_source":"assumed","flats_est":10,"footprint_m2":207.1,"roof_m2":207.1,"heat_anomaly_c":0.82,"heat_band":"hot","renter_share":0.719,"quick_score":70}},{"type":"Feature","geometry":{"type":"Polygon","coordinates":[[[150.707689,-33.752179],[150.707679,-33.752233],[150.707667,-33.752232],[150.707657,-33.752285],[150.707642,-33.752283],[150.707632,-33.752341],[150.707735,-33.752354],[150.707745,-33.752302],[150.707758,-33.752303],[150.707768,-33.752249],[150.707783,-33.752251],[150.707794,-33.752193],[150.707689,-33.752179]]]},"properties":{"id":"b_000143","label":"47 King Street, Penrith","suburb":"Penrith","storeys":3,"storeys_source":"assumed","flats_est":3,"footprint_m2":181.0,"roof_m2":181.0,"heat_anomaly_c":0.6,"heat_band":"hot","renter_share":0.719,"quick_score":64}},{"type":"Feature","geometry":{"type":"Polygon","coordinates":[[[150.707877,-33.752223],[150.707859,-33.752308],[150.707925,-33.752318],[150.707928,-33.752306],[150.707993,-33.752315],[150.707995,-33.752304],[150.708058,-33.752313],[150.708076,-33.752227],[150.708005,-33.752218],[150.708003,-33.752227],[150.707941,-33.752218],[150.707938,-33.752232],[150.707877,-33.752223]]]},"properties":{"id":"b_000144","label":"45 King Street, Penrith","suburb":"Penrith","storeys":3,"storeys_source":"assumed","flats_est":3,"footprint_m2":178.2,"roof_m2":178.2,"heat_anomaly_c":0.89,"heat_band":"hot","renter_share":0.719,"quick_score":71}},{"type":"Feature","geometry":{"type":"Polygon","coordinates":[[[150.707651,-33.752417],[150.70764,-33.752476],[150.70759,-33.75247],[150.707569,-33.752573],[150.707716,-33.752593],[150.707713,-33.752611],[150.707807,-33.752623],[150.707825,-33.752532],[150.707883,-33.75254],[150.707862,-33.752646],[150.707899,-33.752651],[150.707898,-33.752659],[150.707976,-33.752669],[150.707994,-33.752578],[150.707966,-33.752574],[150.707987,-33.752466],[150.707949,-33.752461],[150.707951,-33.752449],[150.707904,-33.752443],[150.707902,-33.752451],[150.707807,-33.752438],[150.707808,-33.752431],[150.707731,-33.752421],[150.707729,-33.752427],[150.707651,-33.752417]]]},"properties":{"id":"b_000145","label":"49-51 King Street, Penrith","suburb":"Penrith","storeys":3,"storeys_source":"assumed","flats_est":12,"footprint_m2":675.3,"roof_m2":675.3,"heat_anomaly_c":0.8,"heat_band":"hot","renter_share":0.719,"quick_score":69}},{"type":"Feature","geometry":{"type":"Polygon","coordinates":[[[150.707598,-33.752733],[150.707584,-33.752801],[150.707596,-33.752803],[150.707583,-33.752865],[150.707801,-33.752896],[150.707813,-33.752837],[150.707822,-33.752838],[150.707807,-33.752916],[150.707914,-33.752931],[150.707946,-33.752776],[150.707842,-33.752761],[150.707841,-33.752767],[150.707598,-33.752733]]]},"properties":{"id":"b_000146","label":"53-55 King Street, Penrith","suburb":"Penrith","storeys":3,"storeys_source":"assumed","flats_est":12,"footprint_m2":494.1,"roof_m2":494.1,"heat_anomaly_c":0.82,"heat_band":"hot","renter_share":0.719,"quick_score":70}},{"type":"Feature","geometry":{"type":"Polygon","coordinates":[[[150.707518,-33.753417],[150.707501,-33.753507],[150.707809,-33.753549],[150.707827,-33.753459],[150.707518,-33.753417]]]},"properties":{"id":"b_000147","label":"1-2 The Crescent, Penrith (block 1 of 2)","suburb":"Penrith","storeys":3,"storeys_source":"assumed","flats_est":8,"footprint_m2":291.6,"roof_m2":291.6,"heat_anomaly_c":0.54,"heat_band":"hot","renter_share":0.719,"quick_score":63}},{"type":"Feature","geometry":{"type":"Polygon","coordinates":[[[150.707486,-33.753594],[150.707468,-33.753684],[150.707781,-33.753727],[150.707799,-33.753636],[150.707486,-33.753594]]]},"properties":{"id":"b_000148","label":"1-2 The Crescent, Penrith (block 2 of 2)","suburb":"Penrith","storeys":3,"storeys_source":"assumed","flats_est":9,"footprint_m2":299.5,"roof_m2":299.5,"heat_anomaly_c":0.47,"heat_band":"warm","renter_share":0.719,"quick_score":60}},{"type":"Feature","geometry":{"type":"Polygon","coordinates":[[[150.70723,-33.753543],[150.707212,-33.753624],[150.707293,-33.753636],[150.707295,-33.753628],[150.707307,-33.75363],[150.707302,-33.753652],[150.707409,-33.753668],[150.707428,-33.753578],[150.707311,-33.75356],[150.707312,-33.753555],[150.70723,-33.753543]]]},"properties":{"id":"b_000149","label":"3 The Crescent, Penrith (block 2 of 2)","suburb":"Penrith","storeys":3,"storeys_source":"assumed","flats_est":4,"footprint_m2":180.4,"roof_m2":180.4,"heat_anomaly_c":0.43,"heat_band":"warm","renter_share":0.719,"quick_score":58}},{"type":"Feature","geometry":{"type":"Polygon","coordinates":[[[150.707313,-33.753279],[150.707266,-33.753499],[150.707344,-33.75351],[150.707346,-33.753502],[150.70744,-33.753516],[150.707453,-33.753453],[150.707359,-33.753439],[150.707371,-33.753384],[150.707385,-33.753386],[150.707404,-33.753293],[150.707313,-33.753279]]]},"properties":{"id":"b_000150","label":"3 The Crescent, Penrith (block 1 of 2)","suburb":"Penrith","storeys":3,"storeys_source":"assumed","flats_est":5,"footprint_m2":258.2,"roof_m2":258.2,"heat_anomaly_c":0.45,"heat_band":"warm","renter_share":0.719,"quick_score":59}},{"type":"Feature","geometry":{"type":"Polygon","coordinates":[[[150.706993,-33.753262],[150.70698,-33.753333],[150.707087,-33.753347],[150.707075,-33.753411],[150.706967,-33.753397],[150.706952,-33.753475],[150.707138,-33.753499],[150.707151,-33.753432],[150.707164,-33.753434],[150.707177,-33.753362],[150.707186,-33.753363],[150.7072,-33.753289],[150.706993,-33.753262]]]},"properties":{"id":"b_000151","label":"4 The Crescent, Penrith","suburb":"Penrith","storeys":3,"storeys_source":"assumed","flats_est":10,"footprint_m2":371.1,"roof_m2":371.1,"heat_anomaly_c":0.45,"heat_band":"warm","renter_share":0.719,"quick_score":59}},{"type":"Feature","geometry":{"type":"Polygon","coordinates":[[[150.706845,-33.753232],[150.706796,-33.753482],[150.706884,-33.753494],[150.706933,-33.753244],[150.706845,-33.753232]]]},"properties":{"id":"b_000152","label":"5 The Crescent, Penrith","suburb":"Penrith","storeys":3,"storeys_source":"assumed","flats_est":4,"footprint_m2":232.5,"roof_m2":232.5,"heat_anomaly_c":0.47,"heat_band":"warm","renter_share":0.719,"quick_score":60}},{"type":"Feature","geometry":{"type":"Polygon","coordinates":[[[150.707369,-33.75248],[150.707366,-33.752491],[150.707301,-33.752481],[150.707297,-33.752499],[150.70717,-33.75248],[150.707173,-33.752468],[150.707135,-33.752462],[150.707134,-33.752467],[150.707095,-33.752461],[150.707093,-33.752469],[150.70706,-33.752465],[150.707038,-33.752572],[150.707419,-33.752627],[150.707432,-33.752566],[150.707444,-33.752568],[150.707459,-33.752494],[150.707369,-33.75248]]]},"properties":{"id":"b_000153","label":"28-34 Haynes Street, Penrith (block 2 of 2)","suburb":"Penrith","storeys":3,"storeys_source":"assumed","flats_est":10,"footprint_m2":486.9,"roof_m2":486.9,"heat_anomaly_c":0.67,"heat_band":"hot","renter_share":0.719,"quick_score":66}},{"type":"Feature","geometry":{"type":"Polygon","coordinates":[[[150.707101,-33.752253],[150.70708,-33.752359],[150.70732,-33.752392],[150.707316,-33.752412],[150.707378,-33.752421],[150.707376,-33.752432],[150.707469,-33.752444],[150.707484,-33.752366],[150.707472,-33.752365],[150.707484,-33.752306],[150.707101,-33.752253]]]},"properties":{"id":"b_000154","label":"28-34 Haynes Street, Penrith (block 1 of 2)","suburb":"Penrith","storeys":3,"storeys_source":"assumed","flats_est":10,"footprint_m2":478.1,"roof_m2":478.1,"heat_anomaly_c":0.74,"heat_band":"hot","renter_share":0.719,"quick_score":68}},{"type":"Feature","geometry":{"type":"Polygon","coordinates":[[[150.707176,-33.751876],[150.707162,-33.751945],[150.707131,-33.75194],[150.707115,-33.752017],[150.707128,-33.752019],[150.707122,-33.752049],[150.707159,-33.752055],[150.707155,-33.752073],[150.707248,-33.752086],[150.707262,-33.752018],[150.707223,-33.752013],[150.707233,-33.751965],[150.707256,-33.751969],[150.707272,-33.75189],[150.707176,-33.751876]]]},"properties":{"id":"b_000155","label":"26A Haynes Street, Penrith","suburb":"Penrith","storeys":3,"storeys_source":"assumed","flats_est":5,"footprint_m2":224.3,"roof_m2":224.3,"heat_anomaly_c":0.83,"heat_band":"hot","renter_share":0.719,"quick_score":70}},{"type":"Feature","geometry":{"type":"Polygon","coordinates":[[[150.707501,-33.751924],[150.707495,-33.751953],[150.707484,-33.751951],[150.707473,-33.752001],[150.707482,-33.752002],[150.707478,-33.752021],[150.70747,-33.75202],[150.707459,-33.752074],[150.707469,-33.752075],[150.707461,-33.752114],[150.707554,-33.752127],[150.707594,-33.751938],[150.707501,-33.751924]]]},"properties":{"id":"b_000156","label":"26C Haynes Street, Penrith","suburb":"Penrith","storeys":3,"storeys_source":"assumed","flats_est":5,"footprint_m2":199.6,"roof_m2":199.6,"heat_anomaly_c":0.64,"heat_band":"hot","renter_share":0.719,"quick_score":65}},{"type":"Feature","geometry":{"type":"Polygon","coordinates":[[[150.707186,-33.751775],[150.707169,-33.751855],[150.707453,-33.751895],[150.707467,-33.751826],[150.707393,-33.751816],[150.707395,-33.751804],[150.707186,-33.751775]]]},"properties":{"id":"b_000157","label":"20 Haynes Street, Penrith","suburb":"Penrith","storeys":3,"storeys_source":"assumed","flats_est":5,"footprint_m2":232.6,"roof_m2":232.6,"heat_anomaly_c":0.68,"heat_band":"hot","renter_share":0.719,"quick_score":66}},{"type":"Feature","geometry":{"type":"Polygon","coordinates":[[[150.707293,-33.751675],[150.707287,-33.751703],[150.707232,-33.751695],[150.70722,-33.751752],[150.707449,-33.751785],[150.707457,-33.751745],[150.707407,-33.751737],[150.707416,-33.751693],[150.707293,-33.751675]]]},"properties":{"id":"b_000158","label":"18 Haynes Street, Penrith","suburb":"Penrith","storeys":3,"storeys_source":"assumed","flats_est":4,"footprint_m2":165.8,"roof_m2":165.8,"heat_anomaly_c":0.73,"heat_band":"hot","renter_share":0.719,"quick_score":68}},{"type":"Feature","geometry":{"type":"Polygon","coordinates":[[[150.707418,-33.750693],[150.707384,-33.750862],[150.707485,-33.750877],[150.707495,-33.750829],[150.707792,-33.750871],[150.707808,-33.750796],[150.707711,-33.750782],[150.707716,-33.75076],[150.707686,-33.750756],[150.707681,-33.750778],[150.707509,-33.750754],[150.707518,-33.750708],[150.707418,-33.750693]]]},"properties":{"id":"b_000159","label":"2-4 Haynes Street, Penrith","suburb":"Penrith","storeys":3,"storeys_source":"assumed","flats_est":10,"footprint_m2":421.5,"roof_m2":421.5,"heat_anomaly_c":0.65,"heat_band":"hot","renter_share":0.719,"quick_score":65}},{"type":"Feature","geometry":{"type":"Polygon","coordinates":[[[150.708995,-33.750683],[150.708971,-33.750783],[150.709008,-33.750789],[150.709006,-33.750796],[150.709062,-33.750806],[150.709064,-33.750798],[150.709127,-33.750808],[150.709125,-33.750817],[150.709186,-33.750827],[150.709188,-33.750819],[150.709256,-33.75083],[150.709253,-33.750839],[150.709315,-33.750849],[150.709317,-33.750839],[150.709349,-33.750845],[150.709373,-33.750739],[150.709337,-33.750733],[150.709341,-33.750717],[150.709156,-33.750686],[150.709152,-33.750702],[150.709134,-33.750699],[150.709137,-33.750685],[150.709037,-33.750669],[150.709033,-33.750689],[150.708995,-33.750683]]]},"properties":{"id":"b_000160","label":"Block near Glebe Place","suburb":"Penrith","storeys":3,"storeys_source":"assumed","flats_est":11,"footprint_m2":488.5,"roof_m2":488.5,"heat_anomaly_c":2.31,"heat_band":"hottest","renter_share":0.358,"quick_score":60}},{"type":"Feature","geometry":{"type":"Polygon","coordinates":[[[150.709482,-33.751366],[150.709361,-33.751347],[150.709353,-33.751377],[150.709345,-33.751376],[150.709334,-33.751423],[150.709342,-33.751424],[150.70933,-33.751476],[150.70932,-33.751474],[150.709308,-33.751526],[150.709318,-33.751527],[150.709305,-33.751583],[150.709295,-33.751582],[150.709283,-33.751633],[150.709294,-33.751635],[150.709288,-33.751661],[150.709415,-33.751681],[150.709421,-33.751651],[150.709442,-33.751654],[150.709477,-33.7515],[150.709459,-33.751497],[150.709463,-33.751482],[150.709479,-33.751484],[150.709498,-33.751401],[150.709474,-33.751398],[150.709482,-33.751366]]]},"properties":{"id":"b_000161","label":"Block near Gascoigne Street (block 1 of 2)","suburb":"Penrith","storeys":3,"storeys_source":"assumed","flats_est":11,"footprint_m2":488.5,"roof_m2":488.5,"heat_anomaly_c":3.21,"heat_band":"hottest","renter_share":0.358,"quick_score":61}},{"type":"Feature","geometry":{"type":"Polygon","coordinates":[[[150.710109,-33.751637],[150.710077,-33.751788],[150.710109,-33.751793],[150.710103,-33.751818],[150.710324,-33.751851],[150.71033,-33.751825],[150.710431,-33.75184],[150.710444,-33.751779],[150.710479,-33.751784],[150.710466,-33.751848],[150.71053,-33.751857],[150.710554,-33.751744],[150.710458,-33.75173],[150.710466,-33.75169],[150.71033,-33.75167],[150.710324,-33.7517],[150.710173,-33.751678],[150.71018,-33.751647],[150.710109,-33.751637]]]},"properties":{"id":"b_000162","label":"Block near Gascoigne Street (block 2 of 2)","suburb":"Penrith","storeys":3,"storeys_source":"assumed","flats_est":16,"footprint_m2":675.9,"roof_m2":675.9,"heat_anomaly_c":3.24,"heat_band":"hottest","renter_share":0.358,"quick_score":61}},{"type":"Feature","geometry":{"type":"Polygon","coordinates":[[[150.709231,-33.752432],[150.709209,-33.752496],[150.709477,-33.752561],[150.709499,-33.752497],[150.709231,-33.752432]]]},"properties":{"id":"b_000163","label":"2 Gascoigne Street, Penrith","suburb":"Penrith","storeys":3,"storeys_source":"assumed","flats_est":4,"footprint_m2":192.3,"roof_m2":192.3,"heat_anomaly_c":2.66,"heat_band":"hottest","renter_share":0.358,"quick_score":61}},{"type":"Feature","geometry":{"type":"Polygon","coordinates":[[[150.710591,-33.752428],[150.710585,-33.752447],[150.710315,-33.752382],[150.710298,-33.75243],[150.710187,-33.752403],[150.710076,-33.752721],[150.710122,-33.752732],[150.710107,-33.752774],[150.710174,-33.75279],[150.71019,-33.752745],[150.71028,-33.752767],[150.710296,-33.752722],[150.710325,-33.752729],[150.710295,-33.752815],[150.710375,-33.752834],[150.710384,-33.752807],[150.710418,-33.752815],[150.710403,-33.752859],[150.710606,-33.752908],[150.710629,-33.752842],[150.710638,-33.752845],[150.710668,-33.752758],[150.710461,-33.752708],[150.710467,-33.752691],[150.710346,-33.752662],[150.710333,-33.752701],[150.710307,-33.752694],[150.710362,-33.752534],[150.71039,-33.752541],[150.710384,-33.75256],[150.710537,-33.752597],[150.71055,-33.752559],[150.710582,-33.752567],[150.710573,-33.752593],[150.710697,-33.752623],[150.710751,-33.752466],[150.710591,-33.752428]]]},"properties":{"id":"b_000164","label":"20-32 Gascoigne Street, Penrith","suburb":"Penrith","storeys":3,"storeys_source":"assumed","flats_est":44,"footprint_m2":1905.8,"roof_m2":1905.8,"heat_anomaly_c":2.31,"heat_band":"hottest","renter_share":0.358,"quick_score":60}},{"type":"Feature","geometry":{"type":"Polygon","coordinates":[[[150.710623,-33.753155],[150.71076,-33.753172],[150.710778,-33.753075],[150.710787,-33.753076],[150.710796,-33.753033],[150.710791,-33.753032],[150.710796,-33.75302],[150.710804,-33.753022],[150.710822,-33.752988],[150.710816,-33.752985],[150.710819,-33.75298],[150.71081,-33.752977],[150.710822,-33.752952],[150.710834,-33.752957],[150.710837,-33.752951],[150.710845,-33.752954],[150.710863,-33.75292],[150.710855,-33.752918],[150.710858,-33.752912],[150.710845,-33.752907],[150.71085,-33.752901],[150.710864,-33.752911],[150.710906,-33.752877],[150.710897,-33.752869],[150.710907,-33.752862],[150.710915,-33.75287],[150.710987,-33.752808],[150.710889,-33.752722],[150.710798,-33.752803],[150.710788,-33.752793],[150.710753,-33.752819],[150.710808,-33.752867],[150.710793,-33.752871],[150.710756,-33.752843],[150.710743,-33.752861],[150.710717,-33.752852],[150.710698,-33.752888],[150.710715,-33.752895],[150.71069,-33.752936],[150.710676,-33.752929],[150.710652,-33.752964],[150.710714,-33.752993],[150.710708,-33.752997],[150.710666,-33.752985],[150.710658,-33.753007],[150.710637,-33.753005],[150.710628,-33.753045],[150.710645,-33.753048],[150.710623,-33.753155]]]},"properties":{"id":"b_000165","label":"14-18 Sherwood Circuit, Penrith","suburb":"Penrith","storeys":3,"storeys_source":"assumed","flats_est":10,"footprint_m2":679.5,"roof_m2":679.5,"heat_anomaly_c":1.51,"heat_band":"hottest","renter_share":0.358,"quick_score":58}},{"type":"Feature","geometry":{"type":"Polygon","coordinates":[[[150.711237,-33.754389],[150.711128,-33.754885],[150.711414,-33.754929],[150.711463,-33.754706],[150.711365,-33.754691],[150.711374,-33.754652],[150.711467,-33.754666],[150.711496,-33.754533],[150.711518,-33.754537],[150.711537,-33.754451],[150.711413,-33.754432],[150.711417,-33.754417],[150.711237,-33.754389]]]},"properties":{"id":"b_000166","label":"1 Markham Avenue, Penrith","suburb":"Penrith","storeys":3,"storeys_source":"assumed","flats_est":47,"footprint_m2":1459.2,"roof_m2":1459.2,"heat_anomaly_c":0.36,"heat_band":"warm","renter_share":0.671,"quick_score":47}},{"type":"Feature","geometry":{"type":"Polygon","coordinates":[[[150.71098,-33.755039],[150.710978,-33.755052],[150.710938,-33.755046],[150.710932,-33.755074],[150.710896,-33.755068],[150.710899,-33.755052],[150.710862,-33.755047],[150.710847,-33.755033],[150.710855,-33.755002],[150.71084,-33.754999],[150.710846,-33.754977],[150.710859,-33.754979],[150.710879,-33.754894],[150.710866,-33.754892],[150.710873,-33.754861],[150.71078,-33.754846],[150.710772,-33.754878],[150.710758,-33.754876],[150.710749,-33.754913],[150.710764,-33.754915],[150.710762,-33.754923],[150.710747,-33.754921],[150.710738,-33.75496],[150.710753,-33.754962],[150.710746,-33.754991],[150.71074,-33.75499],[150.710733,-33.75502],[150.710749,-33.755022],[150.710741,-33.755056],[150.710798,-33.755123],[150.710834,-33.755128],[150.710831,-33.755142],[150.710871,-33.755148],[150.710874,-33.755133],[150.710913,-33.755138],[150.71091,-33.755151],[150.711002,-33.755164],[150.711026,-33.755046],[150.71098,-33.755039]]]},"properties":{"id":"b_000167","label":"139 Cox Avenue, Penrith","suburb":"Penrith","storeys":3,"storeys_source":"assumed","flats_est":11,"footprint_m2":459.7,"roof_m2":459.7,"heat_anomaly_c":0.38,"heat_band":"warm","renter_share":0.671,"quick_score":49}},{"type":"Feature","geometry":{"type":"Polygon","coordinates":[[[150.708127,-33.753656],[150.708112,-33.753701],[150.708136,-33.753706],[150.70813,-33.753724],[150.708116,-33.753721],[150.708086,-33.753813],[150.708216,-33.753843],[150.708225,-33.753813],[150.708249,-33.753819],[150.708241,-33.753844],[150.708317,-33.753861],[150.7083,-33.753912],[150.708409,-33.753937],[150.708405,-33.753951],[150.708587,-33.753992],[150.708612,-33.753916],[150.708444,-33.753878],[150.708489,-33.753741],[150.70839,-33.753718],[150.708386,-33.753733],[150.708269,-33.753706],[150.708274,-33.75369],[150.708127,-33.753656]]]},"properties":{"id":"b_000168","label":"52-54 King Street, Penrith","suburb":"Penrith","storeys":3,"storeys_source":"assumed","flats_est":16,"footprint_m2":778.8,"roof_m2":778.8,"heat_anomaly_c":0.53,"heat_band":"hot","renter_share":0.671,"quick_score":54}},{"type":"Feature","geometry":{"type":"Polygon","coordinates":[[[150.696607,-33.756426],[150.696267,-33.756734],[150.696338,-33.756789],[150.696673,-33.756485],[150.696643,-33.756462],[150.696648,-33.756457],[150.696607,-33.756426]]]},"properties":{"id":"b_000169","label":"211 Derby Street, Penrith","suburb":"Penrith","storeys":3,"storeys_source":"assumed","flats_est":12,"footprint_m2":412.9,"roof_m2":412.9,"heat_anomaly_c":-0.22,"heat_band":"average","renter_share":0.865,"quick_score":54}},{"type":"Feature","geometry":{"type":"Polygon","coordinates":[[[150.697932,-33.756838],[150.697899,-33.756936],[150.69827,-33.757022],[150.698302,-33.756923],[150.697932,-33.756838]]]},"properties":{"id":"b_000170","label":"36 Castlereagh Street, Penrith","suburb":"Penrith","storeys":3,"storeys_source":"assumed","flats_est":8,"footprint_m2":402.4,"roof_m2":402.4,"heat_anomaly_c":0.39,"heat_band":"warm","renter_share":0.778,"quick_score":65}},{"type":"Feature","geometry":{"type":"Polygon","coordinates":[[[150.697836,-33.757016],[150.697825,-33.75705],[150.697803,-33.757045],[150.697788,-33.757092],[150.697758,-33.757085],[150.697748,-33.757114],[150.697731,-33.75711],[150.697717,-33.757151],[150.698095,-33.757238],[150.698118,-33.757168],[150.698048,-33.757151],[150.698052,-33.757137],[150.698085,-33.757145],[150.698109,-33.757073],[150.698007,-33.757049],[150.697983,-33.757121],[150.697994,-33.757123],[150.697989,-33.757136],[150.697892,-33.757114],[150.697919,-33.757034],[150.697836,-33.757016]]]},"properties":{"id":"b_000171","label":"38 Castlereagh Street, Penrith","suburb":"Penrith","storeys":3,"storeys_source":"assumed","flats_est":18,"footprint_m2":464.4,"roof_m2":464.4,"heat_anomaly_c":0.56,"heat_band":"hot","renter_share":0.778,"quick_score":71}},{"type":"Feature","geometry":{"type":"Polygon","coordinates":[[[150.698817,-33.757591],[150.698946,-33.757201],[150.698998,-33.757213],[150.699019,-33.757146],[150.698959,-33.757133],[150.698953,-33.757151],[150.698876,-33.757133],[150.698715,-33.757623],[150.698791,-33.757641],[150.698786,-33.757658],[150.698847,-33.757672],[150.69887,-33.757603],[150.698817,-33.757591]]]},"properties":{"id":"b_000172","label":"193-195 Derby Street, Penrith","suburb":"Penrith","storeys":3,"storeys_source":"assumed","flats_est":18,"footprint_m2":545.0,"roof_m2":545.0,"heat_anomaly_c":0.37,"heat_band":"warm","renter_share":0.778,"quick_score":64}},{"type":"Feature","geometry":{"type":"Polygon","coordinates":[[[150.699111,-33.757546],[150.699235,-33.757166],[150.699144,-33.757146],[150.69902,-33.757525],[150.699111,-33.757546]]]},"properties":{"id":"b_000173","label":"191 Derby Street, Penrith","suburb":"Penrith","storeys":3,"storeys_source":"assumed","flats_est":15,"footprint_m2":379.4,"roof_m2":379.4,"heat_anomaly_c":0.29,"heat_band":"warm","renter_share":0.778,"quick_score":61}},{"type":"Feature","geometry":{"type":"Polygon","coordinates":[[[150.699347,-33.757273],[150.699312,-33.75738],[150.699302,-33.757378],[150.69929,-33.757417],[150.699305,-33.757421],[150.699273,-33.757518],[150.699259,-33.757515],[150.699247,-33.757552],[150.699258,-33.757555],[150.699227,-33.757653],[150.699213,-33.75765],[150.699199,-33.757691],[150.699207,-33.757692],[150.699172,-33.757799],[150.699308,-33.757829],[150.699468,-33.757337],[150.699462,-33.757336],[150.699473,-33.757301],[150.699347,-33.757273]]]},"properties":{"id":"b_000174","label":"189 Derby Street, Penrith","suburb":"Penrith","storeys":3,"storeys_source":"assumed","flats_est":15,"footprint_m2":773.8,"roof_m2":773.8,"heat_anomaly_c":0.22,"heat_band":"warm","renter_share":0.778,"quick_score":59}},{"type":"Feature","geometry":{"type":"Polygon","coordinates":[[[150.699485,-33.757522],[150.699454,-33.757615],[150.699511,-33.757628],[150.699465,-33.757766],[150.699412,-33.757754],[150.699382,-33.757844],[150.699412,-33.757851],[150.699409,-33.757859],[150.69952,-33.757884],[150.699523,-33.757877],[150.699556,-33.757885],[150.699663,-33.757563],[150.699632,-33.757556],[150.699634,-33.75755],[150.699522,-33.757525],[150.699521,-33.757529],[150.699485,-33.757522]]]},"properties":{"id":"b_000175","label":"187 Derby Street, Penrith","suburb":"Penrith","storeys":3,"storeys_source":"assumed","flats_est":13,"footprint_m2":558.9,"roof_m2":558.9,"heat_anomaly_c":0.13,"heat_band":"average","renter_share":0.778,"quick_score":55}},{"type":"Feature","geometry":{"type":"Polygon","coordinates":[[[150.69982,-33.757351],[150.699803,-33.757402],[150.699823,-33.757406],[150.699764,-33.75759],[150.699811,-33.7576],[150.69977,-33.757725],[150.699724,-33.757715],[150.699688,-33.757826],[150.699696,-33.757828],[150.699668,-33.757913],[150.699801,-33.757942],[150.699862,-33.757753],[150.699903,-33.757762],[150.699947,-33.757624],[150.699902,-33.757614],[150.699939,-33.757501],[150.699963,-33.757506],[150.7,-33.757391],[150.69982,-33.757351]]]},"properties":{"id":"b_000176","label":"181 Derby Street, Penrith","suburb":"Penrith","storeys":3,"storeys_source":"assumed","flats_est":21,"footprint_m2":882.2,"roof_m2":882.2,"heat_anomaly_c":0.14,"heat_band":"average","renter_share":0.778,"quick_score":56}},{"type":"Feature","geometry":{"type":"Polygon","coordinates":[[[150.700124,-33.757404],[150.700094,-33.757495],[150.700102,-33.757497],[150.700078,-33.757571],[150.700073,-33.75757],[150.700043,-33.757662],[150.700138,-33.757683],[150.700145,-33.757661],[150.70016,-33.757664],[150.700175,-33.757617],[150.70016,-33.757613],[150.700165,-33.757598],[150.700171,-33.757599],[150.700177,-33.757579],[150.700193,-33.757582],[150.700208,-33.757536],[150.700193,-33.757532],[150.7002,-33.757509],[150.700196,-33.757506],[150.700198,-33.757498],[150.700217,-33.757502],[150.70024,-33.75743],[150.700124,-33.757404]]]},"properties":{"id":"b_000177","label":"179A Derby Street, Penrith","suburb":"Penrith","storeys":3,"storeys_source":"assumed","flats_est":7,"footprint_m2":303.3,"roof_m2":303.3,"heat_anomaly_c":0.16,"heat_band":"warm","renter_share":0.778,"quick_score":56}},{"type":"Feature","geometry":{"type":"Polygon","coordinates":[[[150.700014,-33.757815],[150.699992,-33.757882],[150.699999,-33.757884],[150.699966,-33.757984],[150.700066,-33.758007],[150.700083,-33.757954],[150.700072,-33.757951],[150.700091,-33.757894],[150.700082,-33.757892],[150.700101,-33.757835],[150.700014,-33.757815]]]},"properties":{"id":"b_000178","label":"179 Derby Street, Penrith","suburb":"Penrith","storeys":3,"storeys_source":"assumed","flats_est":9,"footprint_m2":169.8,"roof_m2":169.8,"heat_anomaly_c":0.0,"heat_band":"average","renter_share":0.778,"quick_score":52}},{"type":"Feature","geometry":{"type":"Polygon","coordinates":[[[150.700186,-33.757882],[150.70014,-33.758023],[150.700244,-33.758046],[150.700252,-33.75802],[150.700316,-33.758035],[150.700308,-33.758061],[150.700413,-33.758085],[150.700459,-33.757943],[150.700354,-33.75792],[150.700345,-33.757948],[150.700279,-33.757933],[150.700288,-33.757905],[150.700186,-33.757882]]]},"properties":{"id":"b_000179","label":"175-177 Derby Street, Penrith (block 2 of 2)","suburb":"Penrith","storeys":3,"storeys_source":"assumed","flats_est":12,"footprint_m2":387.7,"roof_m2":387.7,"heat_anomaly_c":0.05,"heat_band":"average","renter_share":0.778,"quick_score":53}},{"type":"Feature","geometry":{"type":"Polygon","coordinates":[[[150.700272,-33.757615],[150.700227,-33.757757],[150.700331,-33.75778],[150.700339,-33.757754],[150.700403,-33.757769],[150.700395,-33.757795],[150.7005,-33.757819],[150.700546,-33.757677],[150.700441,-33.757654],[150.700432,-33.757682],[150.700366,-33.757667],[150.700375,-33.757638],[150.700272,-33.757615]]]},"properties":{"id":"b_000180","label":"175-177 Derby Street, Penrith (block 1 of 2)","suburb":"Penrith","storeys":3,"storeys_source":"assumed","flats_est":12,"footprint_m2":387.5,"roof_m2":387.5,"heat_anomaly_c":0.09,"heat_band":"average","renter_share":0.778,"quick_score":54}},{"type":"Feature","geometry":{"type":"Polygon","coordinates":[[[150.700689,-33.757536],[150.700649,-33.757661],[150.700876,-33.757712],[150.700917,-33.757586],[150.700689,-33.757536]]]},"properties":{"id":"b_000181","label":"171-173 Derby Street, Penrith (block 1 of 2)","suburb":"Penrith","storeys":3,"storeys_source":"assumed","flats_est":12,"footprint_m2":313.7,"roof_m2":313.7,"heat_anomaly_c":0.06,"heat_band":"average","renter_share":0.778,"quick_score":53}},{"type":"Feature","geometry":{"type":"Polygon","coordinates":[[[150.700311,-33.756996],[150.700259,-33.757159],[150.70036,-33.757181],[150.700411,-33.757018],[150.700311,-33.756996]]]},"properties":{"id":"b_000182","label":"132 Lethbridge Street, Penrith (block 4 of 4)","suburb":"Penrith","storeys":3,"storeys_source":"assumed","flats_est":7,"footprint_m2":180.8,"roof_m2":180.8,"heat_anomaly_c":0.53,"heat_band":"hot","renter_share":0.778,"quick_score":70}},{"type":"Feature","geometry":{"type":"Polygon","coordinates":[[[150.700156,-33.756956],[150.69996,-33.756911],[150.699933,-33.756994],[150.700129,-33.757039],[150.700156,-33.756956]]]},"properties":{"id":"b_000183","label":"132 Lethbridge Street, Penrith (block 2 of 4)","suburb":"Penrith","storeys":3,"storeys_source":"assumed","flats_est":7,"footprint_m2":180.8,"roof_m2":180.8,"heat_anomaly_c":0.58,"heat_band":"hot","renter_share":0.778,"quick_score":72}},{"type":"Feature","geometry":{"type":"Polygon","coordinates":[[[150.699662,-33.756842],[150.699466,-33.756798],[150.699439,-33.756881],[150.699635,-33.756926],[150.699662,-33.756842]]]},"properties":{"id":"b_000184","label":"132 Lethbridge Street, Penrith (block 1 of 4)","suburb":"Penrith","storeys":3,"storeys_source":"assumed","flats_est":7,"footprint_m2":180.9,"roof_m2":180.9,"heat_anomaly_c":0.59,"heat_band":"hot","renter_share":0.778,"quick_score":72}},{"type":"Feature","geometry":{"type":"Polygon","coordinates":[[[150.699252,-33.756916],[150.699224,-33.757001],[150.699426,-33.757047],[150.699422,-33.757061],[150.699631,-33.757109],[150.699639,-33.757083],[150.699835,-33.757128],[150.699831,-33.757139],[150.700036,-33.757186],[150.700033,-33.757195],[150.700233,-33.757241],[150.700259,-33.757162],[150.700058,-33.757117],[150.700062,-33.757103],[150.69986,-33.757057],[150.699863,-33.757047],[150.699662,-33.757002],[150.699655,-33.757023],[150.699453,-33.756977],[150.699458,-33.756963],[150.699252,-33.756916]]]},"properties":{"id":"b_000185","label":"132 Lethbridge Street, Penrith (block 3 of 4)","suburb":"Penrith","storeys":3,"storeys_source":"assumed","flats_est":34,"footprint_m2":921.4,"roof_m2":921.4,"heat_anomaly_c":0.44,"heat_band":"warm","renter_share":0.778,"quick_score":66}},{"type":"Feature","geometry":{"type":"Polygon","coordinates":[[[150.703585,-33.757441],[150.703619,-33.757332],[150.70359,-33.757326],[150.703598,-33.757303],[150.703544,-33.757292],[150.703541,-33.757301],[150.703488,-33.75729],[150.70349,-33.757286],[150.703436,-33.757274],[150.703431,-33.75729],[150.703396,-33.757282],[150.703362,-33.757393],[150.703585,-33.757441]]]},"properties":{"id":"b_000186","label":"Block near Lethbridge Street (block 2 of 4)","suburb":"Penrith","storeys":3,"storeys_source":"assumed","flats_est":7,"footprint_m2":297.1,"roof_m2":297.1,"heat_anomaly_c":0.07,"heat_band":"average","renter_share":0.762,"quick_score":50}},{"type":"Feature","geometry":{"type":"Polygon","coordinates":[[[150.703273,-33.757385],[150.703284,-33.757353],[150.703273,-33.75735],[150.703305,-33.757255],[150.703067,-33.757199],[150.703024,-33.757327],[150.703273,-33.757385]]]},"properties":{"id":"b_000187","label":"Block near Lethbridge Street (block 1 of 4)","suburb":"Penrith","storeys":3,"storeys_source":"assumed","flats_est":8,"footprint_m2":341.5,"roof_m2":341.5,"heat_anomaly_c":-0.07,"heat_band":"average","renter_share":0.762,"quick_score":48}},{"type":"Feature","geometry":{"type":"Polygon","coordinates":[[[150.703063,-33.757372],[150.702937,-33.757759],[150.702966,-33.757766],[150.702964,-33.757773],[150.703028,-33.757787],[150.703031,-33.757781],[150.703086,-33.757793],[150.703212,-33.757407],[150.703156,-33.757394],[150.703158,-33.757388],[150.703095,-33.757374],[150.703094,-33.757379],[150.703063,-33.757372]]]},"properties":{"id":"b_000188","label":"86-88 Lethbridge Street, Penrith","suburb":"Penrith","storeys":3,"storeys_source":"assumed","flats_est":10,"footprint_m2":644.9,"roof_m2":644.9,"heat_anomaly_c":-0.36,"heat_band":"cooler","renter_share":0.762,"quick_score":40}},{"type":"Feature","geometry":{"type":"Polygon","coordinates":[[[150.702749,-33.757691],[150.70282,-33.757707],[150.70283,-33.757678],[150.702868,-33.757687],[150.702917,-33.757537],[150.70288,-33.757529],[150.702899,-33.757472],[150.702934,-33.75748],[150.702983,-33.757329],[150.702949,-33.757321],[150.702959,-33.757291],[150.702881,-33.757273],[150.702864,-33.757323],[150.70288,-33.757326],[150.702871,-33.757355],[150.702887,-33.757358],[150.702869,-33.757412],[150.702853,-33.757408],[150.702844,-33.757437],[150.702828,-33.757433],[150.702796,-33.757532],[150.702813,-33.757536],[150.702804,-33.757564],[150.702821,-33.757568],[150.702803,-33.757623],[150.702787,-33.757619],[150.702777,-33.757649],[150.702764,-33.757646],[150.702749,-33.757691]]]},"properties":{"id":"b_000189","label":"90 Lethbridge Street, Penrith","suburb":"Penrith","storeys":3,"storeys_source":"assumed","flats_est":6,"footprint_m2":411.9,"roof_m2":411.9,"heat_anomaly_c":-0.38,"heat_band":"cooler","renter_share":0.762,"quick_score":40}},{"type":"Feature","geometry":{"type":"Polygon","coordinates":[[[150.707301,-33.759075],[150.707287,-33.759117],[150.707232,-33.759104],[150.707246,-33.759061],[150.707152,-33.75904],[150.707114,-33.759157],[150.707211,-33.759179],[150.707216,-33.759164],[150.707265,-33.759175],[150.707259,-33.759191],[150.707355,-33.759213],[150.707393,-33.759096],[150.707301,-33.759075]]]},"properties":{"id":"b_000190","label":"42 Hope Street, Penrith","suburb":"Penrith","storeys":3,"storeys_source":"assumed","flats_est":6,"footprint_m2":277.6,"roof_m2":277.6,"heat_anomaly_c":-0.56,"heat_band":"cooler","renter_share":0.762,"quick_score":37}},{"type":"Feature","geometry":{"type":"Polygon","coordinates":[[[150.707147,-33.759002],[150.706922,-33.758952],[150.70689,-33.75905],[150.707115,-33.759101],[150.707147,-33.759002]]]},"properties":{"id":"b_000191","label":"46 Hope Street, Penrith","suburb":"Penrith","storeys":3,"storeys_source":"assumed","flats_est":6,"footprint_m2":243.6,"roof_m2":243.6,"heat_anomaly_c":-0.75,"heat_band":"cooler","renter_share":0.762,"quick_score":35}},{"type":"Feature","geometry":{"type":"Polygon","coordinates":[[[150.706791,-33.758972],[150.706785,-33.758992],[150.70674,-33.758982],[150.706747,-33.75896],[150.706565,-33.758919],[150.706558,-33.75894],[150.706512,-33.75893],[150.706519,-33.75891],[150.706437,-33.758891],[150.706453,-33.758843],[150.706149,-33.758775],[150.706134,-33.758822],[150.706055,-33.758804],[150.706047,-33.758828],[150.705996,-33.758816],[150.706003,-33.758794],[150.70583,-33.758755],[150.705823,-33.758778],[150.705765,-33.758764],[150.705772,-33.758742],[150.705693,-33.758724],[150.70571,-33.758674],[150.705484,-33.758623],[150.705468,-33.758672],[150.705389,-33.758654],[150.705379,-33.758684],[150.705358,-33.758679],[150.705362,-33.758669],[150.705265,-33.758647],[150.705258,-33.758667],[150.705206,-33.758656],[150.705208,-33.758649],[150.705115,-33.758628],[150.705107,-33.758652],[150.705084,-33.758647],[150.705091,-33.758623],[150.705,-33.758603],[150.704969,-33.7587],[150.705064,-33.758722],[150.705069,-33.758706],[150.705096,-33.758712],[150.705088,-33.758737],[150.705178,-33.758758],[150.705191,-33.758718],[150.705237,-33.758728],[150.705228,-33.758755],[150.705326,-33.758777],[150.705339,-33.758736],[150.705357,-33.75874],[150.705351,-33.758759],[150.705443,-33.75878],[150.705461,-33.758724],[150.705669,-33.758771],[150.705651,-33.758827],[150.705741,-33.758847],[150.705749,-33.758821],[150.705804,-33.758834],[150.705796,-33.758859],[150.705968,-33.758898],[150.705976,-33.758872],[150.706031,-33.758884],[150.706024,-33.758905],[150.706113,-33.758925],[150.706122,-33.758896],[150.706149,-33.758902],[150.706155,-33.758884],[150.706407,-33.75894],[150.706389,-33.758996],[150.706479,-33.759016],[150.706488,-33.758987],[150.706547,-33.759],[150.706538,-33.759025],[150.706706,-33.759063],[150.706713,-33.759041],[150.706769,-33.759054],[150.70676,-33.759081],[150.706855,-33.759101],[150.70689,-33.758994],[150.706791,-33.758972]]]},"properties":{"id":"b_000192","label":"52 Hope Street, Penrith","suburb":"Penrith","storeys":3,"storeys_source":"assumed","flats_est":46,"footprint_m2":2014.5,"roof_m2":2014.5,"heat_anomaly_c":-1.22,"heat_band":"cooler","renter_share":0.762,"quick_score":30}},{"type":"Feature","geometry":{"type":"Polygon","coordinates":[[[150.705687,-33.757818],[150.705605,-33.75806],[150.705696,-33.758081],[150.705719,-33.758013],[150.705704,-33.75801],[150.705737,-33.757915],[150.705748,-33.757917],[150.705774,-33.757838],[150.705687,-33.757818]]]},"properties":{"id":"b_000193","label":"63 Hope Street, Penrith","suburb":"Penrith","storeys":3,"storeys_source":"assumed","flats_est":5,"footprint_m2":225.4,"roof_m2":225.4,"heat_anomaly_c":-1.3,"heat_band":"cooler","renter_share":0.762,"quick_score":30}},{"type":"Feature","geometry":{"type":"Polygon","coordinates":[[[150.705981,-33.758409],[150.70596,-33.758404],[150.705963,-33.758396],[150.705682,-33.758336],[150.705658,-33.758416],[150.705702,-33.758426],[150.705695,-33.758446],[150.705778,-33.758464],[150.70578,-33.758457],[150.705827,-33.758467],[150.705822,-33.758483],[150.705894,-33.758498],[150.7059,-33.758479],[150.705955,-33.758491],[150.705981,-33.758409]]]},"properties":{"id":"b_000194","label":"Block near Hope Street (block 1 of 2)","suburb":"Penrith","storeys":3,"storeys_source":"assumed","flats_est":7,"footprint_m2":316.6,"roof_m2":316.6,"heat_anomaly_c":-1.42,"heat_band":"cooler","renter_share":0.762,"quick_score":29}},{"type":"Feature","geometry":{"type":"Polygon","coordinates":[[[150.705966,-33.758367],[150.705998,-33.75827],[150.705975,-33.758265],[150.706028,-33.758106],[150.7059,-33.758077],[150.705892,-33.758101],[150.705887,-33.7581],[150.70584,-33.758241],[150.705865,-33.758247],[150.705835,-33.758337],[150.705966,-33.758367]]]},"properties":{"id":"b_000195","label":"60 Lethbridge Street, Penrith","suburb":"Penrith","storeys":3,"storeys_source":"assumed","flats_est":8,"footprint_m2":374.2,"roof_m2":374.2,"heat_anomaly_c":-1.42,"heat_band":"cooler","renter_share":0.762,"quick_score":29}},{"type":"Feature","geometry":{"type":"Polygon","coordinates":[[[150.706041,-33.758094],[150.706104,-33.757895],[150.705971,-33.757866],[150.705967,-33.757878],[150.705942,-33.757873],[150.705923,-33.757934],[150.705945,-33.757939],[150.705906,-33.758061],[150.705926,-33.758066],[150.705923,-33.758073],[150.706013,-33.758092],[150.706015,-33.758088],[150.706041,-33.758094]]]},"properties":{"id":"b_000196","label":"Block near Lethbridge Street (block 3 of 4)","suburb":"Penrith","storeys":3,"storeys_source":"assumed","flats_est":7,"footprint_m2":314.1,"roof_m2":314.1,"heat_anomaly_c":-1.38,"heat_band":"cooler","renter_share":0.762,"quick_score":29}},{"type":"Feature","geometry":{"type":"Polygon","coordinates":[[[150.706864,-33.758056],[150.706862,-33.758062],[150.706809,-33.758049],[150.706764,-33.758185],[150.706774,-33.758187],[150.706757,-33.758237],[150.706827,-33.758253],[150.706842,-33.758206],[150.706862,-33.75821],[150.706871,-33.758184],[150.70688,-33.758186],[150.706896,-33.758137],[150.706886,-33.758135],[150.706907,-33.758071],[150.7069,-33.75807],[150.706902,-33.758064],[150.706864,-33.758056]]]},"properties":{"id":"b_000197","label":"Block near Lethbridge Street (block 4 of 4)","suburb":"Penrith","storeys":3,"storeys_source":"assumed","flats_est":4,"footprint_m2":193.1,"roof_m2":193.1,"heat_anomaly_c":-1.2,"heat_band":"cooler","renter_share":0.762,"quick_score":30}},{"type":"Feature","geometry":{"type":"Polygon","coordinates":[[[150.706674,-33.758528],[150.706632,-33.758652],[150.706659,-33.758659],[150.706654,-33.758674],[150.706683,-33.75868],[150.706687,-33.758668],[150.706725,-33.758676],[150.70672,-33.75869],[150.706781,-33.758704],[150.706784,-33.758692],[150.706815,-33.758699],[150.70681,-33.758712],[150.706851,-33.758722],[150.706856,-33.758707],[150.706862,-33.758709],[150.706872,-33.75868],[150.70689,-33.758684],[150.706924,-33.758583],[150.706851,-33.758566],[150.706842,-33.758593],[150.706829,-33.758589],[150.706842,-33.75855],[150.706759,-33.758531],[150.706746,-33.758569],[150.706735,-33.758567],[150.706742,-33.758544],[150.706674,-33.758528]]]},"properties":{"id":"b_000198","label":"Block near Hope Street (block 2 of 2)","suburb":"Penrith","storeys":3,"storeys_source":"assumed","flats_est":9,"footprint_m2":373.8,"roof_m2":373.8,"heat_anomaly_c":-1.19,"heat_band":"cooler","renter_share":0.762,"quick_score":31}},{"type":"Feature","geometry":{"type":"Polygon","coordinates":[[[150.706853,-33.7585],[150.706938,-33.758519],[150.706941,-33.758508],[150.706957,-33.758512],[150.706998,-33.758383],[150.706984,-33.75838],[150.706986,-33.758372],[150.706898,-33.758353],[150.706896,-33.758358],[150.706879,-33.758354],[150.706866,-33.758393],[150.706877,-33.758395],[150.706856,-33.758462],[150.706864,-33.758464],[150.706853,-33.7585]]]},"properties":{"id":"b_000199","label":"46-48 Lethbridge Street, Penrith (block 2 of 2)","suburb":"Penrith","storeys":3,"storeys_source":"assumed","flats_est":4,"footprint_m2":175.0,"roof_m2":175.0,"heat_anomaly_c":-1.15,"heat_band":"cooler","renter_share":0.762,"quick_score":31}},{"type":"Feature","geometry":{"type":"Polygon","coordinates":[[[150.70701,-33.758359],[150.707092,-33.758108],[150.707061,-33.758101],[150.707063,-33.758096],[150.707017,-33.758085],[150.707015,-33.75809],[150.706988,-33.758084],[150.706974,-33.758127],[150.706955,-33.758123],[150.706919,-33.758233],[150.706931,-33.758236],[150.706908,-33.758305],[150.706913,-33.758306],[150.706902,-33.75834],[150.706988,-33.758359],[150.706987,-33.758354],[150.70701,-33.758359]]]},"properties":{"id":"b_000200","label":"46-48 Lethbridge Street, Penrith (block 1 of 2)","suburb":"Penrith","storeys":3,"storeys_source":"assumed","flats_est":8,"footprint_m2":325.0,"roof_m2":325.0,"heat_anomaly_c":-1.1,"heat_band":"cooler","renter_share":0.762,"quick_score":32}},{"type":"Feature","geometry":{"type":"Polygon","coordinates":[[[150.707168,-33.75879],[150.707175,-33.75877],[150.707187,-33.758773],[150.70722,-33.758674],[150.707194,-33.758668],[150.707199,-33.758653],[150.707125,-33.758636],[150.707126,-33.758632],[150.707211,-33.758652],[150.70732,-33.758325],[150.707302,-33.758322],[150.707309,-33.758303],[150.707296,-33.7583],[150.7073,-33.758288],[150.70734,-33.758297],[150.707373,-33.758199],[150.707357,-33.758195],[150.707364,-33.758173],[150.707174,-33.758129],[150.707167,-33.75815],[150.707152,-33.758147],[150.70712,-33.758244],[150.707159,-33.758254],[150.707154,-33.758268],[150.70717,-33.758272],[150.707164,-33.758292],[150.70712,-33.758282],[150.707018,-33.758592],[150.707052,-33.7586],[150.707042,-33.758632],[150.706993,-33.758621],[150.70696,-33.75872],[150.706978,-33.758724],[150.706971,-33.758746],[150.707168,-33.75879]]]},"properties":{"id":"b_000201","label":"41 Hope Street, Penrith","suburb":"Penrith","storeys":3,"storeys_source":"assumed","flats_est":30,"footprint_m2":1366.9,"roof_m2":1366.9,"heat_anomaly_c":-0.89,"heat_band":"cooler","renter_share":0.762,"quick_score":33}},{"type":"Feature","geometry":{"type":"Polygon","coordinates":[[[150.707779,-33.75914],[150.707773,-33.75916],[150.707716,-33.759148],[150.707697,-33.759213],[150.707715,-33.759217],[150.707701,-33.759262],[150.70767,-33.759255],[150.707628,-33.759396],[150.707674,-33.759406],[150.707677,-33.759396],[150.707777,-33.759417],[150.707795,-33.759357],[150.70783,-33.759365],[150.707833,-33.759356],[150.707878,-33.759365],[150.707915,-33.759243],[150.707943,-33.759249],[150.707959,-33.759194],[150.707924,-33.759187],[150.707929,-33.759171],[150.707779,-33.75914]]]},"properties":{"id":"b_000202","label":"38 Hope Street, Penrith","suburb":"Penrith","storeys":3,"storeys_source":"assumed","flats_est":24,"footprint_m2":570.6,"roof_m2":570.6,"heat_anomaly_c":-0.54,"heat_band":"cooler","renter_share":0.792,"quick_score":42}},{"type":"Feature","geometry":{"type":"Polygon","coordinates":[[[150.70861,-33.758829],[150.708595,-33.758873],[150.708607,-33.758875],[150.708555,-33.759036],[150.708546,-33.759033],[150.708531,-33.759079],[150.708582,-33.759091],[150.708765,-33.759132],[150.708799,-33.75903],[150.708777,-33.759025],[150.708791,-33.758982],[150.708812,-33.758987],[150.708841,-33.758897],[150.708833,-33.758895],[150.708838,-33.758881],[150.70876,-33.758863],[150.708758,-33.75887],[150.708742,-33.758866],[150.708744,-33.758859],[150.70861,-33.758829]]]},"properties":{"id":"b_000203","label":"25-31 Hope Street, Penrith (block 1 of 2)","suburb":"Penrith","storeys":3,"storeys_source":"assumed","flats_est":30,"footprint_m2":617.1,"roof_m2":617.1,"heat_anomaly_c":-1.08,"heat_band":"cooler","renter_share":0.792,"quick_score":37}},{"type":"Feature","geometry":{"type":"Polygon","coordinates":[[[150.708914,-33.758897],[150.708909,-33.758913],[150.708901,-33.758912],[150.708871,-33.759001],[150.708889,-33.759005],[150.708876,-33.759045],[150.708861,-33.759042],[150.708827,-33.759146],[150.709059,-33.759199],[150.709073,-33.759156],[150.709065,-33.759154],[150.709118,-33.758991],[150.709128,-33.758993],[150.709143,-33.758948],[150.709011,-33.758918],[150.709008,-33.758927],[150.708992,-33.758923],[150.708995,-33.758915],[150.708914,-33.758897]]]},"properties":{"id":"b_000204","label":"25-31 Hope Street, Penrith (block 2 of 2)","suburb":"Penrith","storeys":3,"storeys_source":"assumed","flats_est":31,"footprint_m2":623.2,"roof_m2":623.2,"heat_anomaly_c":-1.12,"heat_band":"cooler","renter_share":0.792,"quick_score":36}},{"type":"Feature","geometry":{"type":"Polygon","coordinates":[[[150.717774,-33.762027],[150.717795,-33.761963],[150.71771,-33.761944],[150.717706,-33.761956],[150.717639,-33.761941],[150.717654,-33.761897],[150.717559,-33.761876],[150.717541,-33.76193],[150.717479,-33.761916],[150.717463,-33.761967],[150.717482,-33.761972],[150.717476,-33.761991],[150.71757,-33.762012],[150.717574,-33.762002],[150.717692,-33.762028],[150.717698,-33.76201],[150.717774,-33.762027]]]},"properties":{"id":"b_000205","label":"7-13 Derby Street, Kingswood (block 4 of 4)","suburb":"Kingswood","storeys":3,"storeys_source":"assumed","flats_est":5,"footprint_m2":283.1,"roof_m2":283.1,"heat_anomaly_c":0.31,"heat_band":"warm","renter_share":0.764,"quick_score":60}},{"type":"Feature","geometry":{"type":"Polygon","coordinates":[[[150.717535,-33.761728],[150.717516,-33.761792],[150.717554,-33.7618],[150.717552,-33.761808],[150.717642,-33.761827],[150.717646,-33.761814],[150.7177,-33.761825],[150.71769,-33.761855],[150.717769,-33.761872],[150.717792,-33.761794],[150.717718,-33.761779],[150.717723,-33.761761],[150.717653,-33.761746],[150.717651,-33.761752],[150.717535,-33.761728]]]},"properties":{"id":"b_000206","label":"7-13 Derby Street, Kingswood (block 2 of 4)","suburb":"Kingswood","storeys":3,"storeys_source":"assumed","flats_est":4,"footprint_m2":204.7,"roof_m2":204.7,"heat_anomaly_c":0.31,"heat_band":"warm","renter_share":0.764,"quick_score":60}},{"type":"Feature","geometry":{"type":"Polygon","coordinates":[[[150.717461,-33.761783],[150.717482,-33.761719],[150.717365,-33.761693],[150.717367,-33.761687],[150.7173,-33.761671],[150.717292,-33.761696],[150.717241,-33.761684],[150.717239,-33.761691],[150.717206,-33.761683],[150.717182,-33.761756],[150.717233,-33.761767],[150.717237,-33.761756],[150.717286,-33.761767],[150.717294,-33.761741],[150.717326,-33.761749],[150.717322,-33.76176],[150.717417,-33.761782],[150.71742,-33.761773],[150.717461,-33.761783]]]},"properties":{"id":"b_000207","label":"7-13 Derby Street, Kingswood (block 1 of 4)","suburb":"Kingswood","storeys":3,"storeys_source":"assumed","flats_est":4,"footprint_m2":212.4,"roof_m2":212.4,"heat_anomaly_c":0.41,"heat_band":"warm","renter_share":0.764,"quick_score":64}},{"type":"Feature","geometry":{"type":"Polygon","coordinates":[[[150.717182,-33.761822],[150.717161,-33.76189],[150.71724,-33.761907],[150.717235,-33.761923],[150.717275,-33.761932],[150.717271,-33.761943],[150.717306,-33.76195],[150.717309,-33.761938],[150.717317,-33.76194],[150.717319,-33.761933],[150.717331,-33.761936],[150.717328,-33.761945],[150.717335,-33.761946],[150.717332,-33.761957],[150.71737,-33.761966],[150.717374,-33.761955],[150.717412,-33.761964],[150.717442,-33.761868],[150.717316,-33.76184],[150.717319,-33.76183],[150.717266,-33.761818],[150.71726,-33.761839],[150.717182,-33.761822]]]},"properties":{"id":"b_000208","label":"7-13 Derby Street, Kingswood (block 3 of 4)","suburb":"Kingswood","storeys":3,"storeys_source":"assumed","flats_est":5,"footprint_m2":258.3,"roof_m2":258.3,"heat_anomaly_c":0.4,"heat_band":"warm","renter_share":0.764,"quick_score":64}},{"type":"Feature","geometry":{"type":"Polygon","coordinates":[[[150.716137,-33.761693],[150.716142,-33.761679],[150.71615,-33.761681],[150.716165,-33.761636],[150.716155,-33.761634],[150.71616,-33.761618],[150.716128,-33.761611],[150.716141,-33.761572],[150.716164,-33.761578],[150.716166,-33.761571],[150.716182,-33.761574],[150.716206,-33.761499],[150.716259,-33.76151],[150.716279,-33.761448],[150.716134,-33.761416],[150.716091,-33.761551],[150.716068,-33.761546],[150.71605,-33.761602],[150.716072,-33.761607],[150.716051,-33.761673],[150.716137,-33.761693]]]},"properties":{"id":"b_000209","label":"25-27 Derby Street, Kingswood","suburb":"Kingswood","storeys":3,"storeys_source":"assumed","flats_est":5,"footprint_m2":292.7,"roof_m2":292.7,"heat_anomaly_c":0.38,"heat_band":"warm","renter_share":0.764,"quick_score":63}},{"type":"Feature","geometry":{"type":"Polygon","coordinates":[[[150.718873,-33.760994],[150.718854,-33.761054],[150.718873,-33.761058],[150.71886,-33.7611],[150.718907,-33.76111],[150.71892,-33.761071],[150.718926,-33.761072],[150.718913,-33.761111],[150.71896,-33.761121],[150.718973,-33.761081],[150.718979,-33.761083],[150.718965,-33.761125],[150.719012,-33.761135],[150.719026,-33.761093],[150.719033,-33.761095],[150.71902,-33.761137],[150.719066,-33.761147],[150.71908,-33.761105],[150.719089,-33.761107],[150.719076,-33.761149],[150.719117,-33.761158],[150.719131,-33.761115],[150.719141,-33.761118],[150.719128,-33.761159],[150.719177,-33.76117],[150.719189,-33.76113],[150.719198,-33.761131],[150.719218,-33.76107],[150.718873,-33.760994]]]},"properties":{"id":"b_000210","label":"4-6 Orth Street, Kingswood","suburb":"Kingswood","storeys":3,"storeys_source":"assumed","flats_est":10,"footprint_m2":357.2,"roof_m2":357.2,"heat_anomaly_c":0.01,"heat_band":"average","renter_share":0.764,"quick_score":51}},{"type":"Feature","geometry":{"type":"Polygon","coordinates":[[[150.719636,-33.76015],[150.719614,-33.760219],[150.719621,-33.760221],[150.719606,-33.760265],[150.71965,-33.760274],[150.719653,-33.760264],[150.720103,-33.760364],[150.720092,-33.760396],[150.720164,-33.760412],[150.720182,-33.760356],[150.720199,-33.760359],[150.720208,-33.760332],[150.720192,-33.760328],[150.720195,-33.760318],[150.720175,-33.760313],[150.720185,-33.760284],[150.720096,-33.760264],[150.720092,-33.760275],[150.719687,-33.760184],[150.719694,-33.760163],[150.719636,-33.76015]]]},"properties":{"id":"b_000211","label":"7 Bringelly Road, Kingswood (block 1 of 2)","suburb":"Kingswood","storeys":3,"storeys_source":"assumed","flats_est":10,"footprint_m2":565.3,"roof_m2":565.3,"heat_anomaly_c":0.56,"heat_band":"hot","renter_share":0.674,"quick_score":56}},{"type":"Feature","geometry":{"type":"Polygon","coordinates":[[[150.719594,-33.760345],[150.719592,-33.760353],[150.719578,-33.760349],[150.719556,-33.760421],[150.719857,-33.760488],[150.719878,-33.76042],[150.719836,-33.760411],[150.719834,-33.760419],[150.719769,-33.760404],[150.719772,-33.760394],[150.719674,-33.760373],[150.719672,-33.760382],[150.719639,-33.760374],[150.719645,-33.760356],[150.719594,-33.760345]]]},"properties":{"id":"b_000212","label":"7 Bringelly Road, Kingswood (block 2 of 2)","suburb":"Kingswood","storeys":3,"storeys_source":"assumed","flats_est":4,"footprint_m2":225.0,"roof_m2":225.0,"heat_anomaly_c":0.44,"heat_band":"warm","renter_share":0.674,"quick_score":52}},{"type":"Feature","geometry":{"type":"Polygon","coordinates":[[[150.718127,-33.760255],[150.718098,-33.760344],[150.718135,-33.760353],[150.718138,-33.760345],[150.718211,-33.760362],[150.718208,-33.760371],[150.718278,-33.760387],[150.718281,-33.760378],[150.718352,-33.760394],[150.718349,-33.760402],[150.718389,-33.760411],[150.71842,-33.760318],[150.71838,-33.760309],[150.718382,-33.760304],[150.718304,-33.760286],[150.718302,-33.760291],[150.718237,-33.760276],[150.718239,-33.760272],[150.71817,-33.760256],[150.718167,-33.760264],[150.718127,-33.760255]]]},"properties":{"id":"b_000213","label":"Block near Orth Street","suburb":"Kingswood","storeys":3,"storeys_source":"assumed","flats_est":7,"footprint_m2":295.0,"roof_m2":295.0,"heat_anomaly_c":1.03,"heat_band":"hottest","renter_share":0.674,"quick_score":66}},{"type":"Feature","geometry":{"type":"Polygon","coordinates":[[[150.718163,-33.760231],[150.718245,-33.759978],[150.718161,-33.759959],[150.718079,-33.760212],[150.718163,-33.760231]]]},"properties":{"id":"b_000214","label":"21-25 Orth Street, Kingswood (block 2 of 3)","suburb":"Kingswood","storeys":3,"storeys_source":"assumed","flats_est":4,"footprint_m2":234.0,"roof_m2":234.0,"heat_anomaly_c":1.25,"heat_band":"hottest","renter_share":0.674,"quick_score":70}},{"type":"Feature","geometry":{"type":"Polygon","coordinates":[[[150.718251,-33.75996],[150.718333,-33.759707],[150.718249,-33.759688],[150.718167,-33.759941],[150.718251,-33.75996]]]},"properties":{"id":"b_000215","label":"16-20 Rodgers Street, Kingswood (block 1 of 2)","suburb":"Kingswood","storeys":3,"storeys_source":"assumed","flats_est":8,"footprint_m2":234.1,"roof_m2":234.1,"heat_anomaly_c":1.86,"heat_band":"hottest","renter_share":0.674,"quick_score":76}},{"type":"Feature","geometry":{"type":"Polygon","coordinates":[[[150.718567,-33.76003],[150.718649,-33.759777],[150.718565,-33.759758],[150.718483,-33.760011],[150.718567,-33.76003]]]},"properties":{"id":"b_000216","label":"14 Rodgers Street, Kingswood","suburb":"Kingswood","storeys":3,"storeys_source":"assumed","flats_est":5,"footprint_m2":234.2,"roof_m2":234.2,"heat_anomaly_c":1.84,"heat_band":"hottest","renter_share":0.674,"quick_score":76}},{"type":"Feature","geometry":{"type":"Polygon","coordinates":[[[150.718479,-33.760303],[150.71856,-33.76005],[150.718477,-33.760032],[150.718395,-33.760284],[150.718479,-33.760303]]]},"properties":{"id":"b_000217","label":"13 Orth Street, Kingswood","suburb":"Kingswood","storeys":3,"storeys_source":"assumed","flats_est":5,"footprint_m2":234.1,"roof_m2":234.1,"heat_anomaly_c":1.41,"heat_band":"hottest","renter_share":0.674,"quick_score":72}},{"type":"Feature","geometry":{"type":"Polygon","coordinates":[[[150.718359,-33.760205],[150.718427,-33.759996],[150.718439,-33.759999],[150.718466,-33.759916],[150.718453,-33.759913],[150.718485,-33.759814],[150.71837,-33.759788],[150.718307,-33.759983],[150.718298,-33.759981],[150.718271,-33.760065],[150.718279,-33.760067],[150.718243,-33.760179],[150.718359,-33.760205]]]},"properties":{"id":"b_000218","label":"16-20 Rodgers Street, Kingswood (block 2 of 2)","suburb":"Kingswood","storeys":3,"storeys_source":"assumed","flats_est":18,"footprint_m2":519.3,"roof_m2":519.3,"heat_anomaly_c":1.65,"heat_band":"hottest","renter_share":0.674,"quick_score":75}},{"type":"Feature","geometry":{"type":"Polygon","coordinates":[[[150.71832,-33.759666],[150.71836,-33.759675],[150.718358,-33.759683],[150.718427,-33.759698],[150.718428,-33.759694],[150.718493,-33.759709],[150.718492,-33.759713],[150.71857,-33.759731],[150.718572,-33.759726],[150.718611,-33.759734],[150.718641,-33.759641],[150.718602,-33.759632],[150.718599,-33.75964],[150.718528,-33.759624],[150.71853,-33.759616],[150.718461,-33.7596],[150.718458,-33.759609],[150.718384,-33.759592],[150.718386,-33.759585],[150.718349,-33.759577],[150.71832,-33.759666]]]},"properties":{"id":"b_000219","label":"Block near Rodgers Street","suburb":"Kingswood","storeys":3,"storeys_source":"assumed","flats_est":7,"footprint_m2":294.9,"roof_m2":294.9,"heat_anomaly_c":2.16,"heat_band":"hottest","renter_share":0.674,"quick_score":76}},{"type":"Feature","geometry":{"type":"Polygon","coordinates":[[[150.717643,-33.760145],[150.717616,-33.760226],[150.717685,-33.760241],[150.717687,-33.760235],[150.717848,-33.760272],[150.717846,-33.76028],[150.71792,-33.760296],[150.717948,-33.760213],[150.717892,-33.7602],[150.71789,-33.760206],[150.717868,-33.760201],[150.71787,-33.760195],[150.717835,-33.760187],[150.717836,-33.760183],[150.717754,-33.760165],[150.717752,-33.76017],[150.71772,-33.760163],[150.717719,-33.760168],[150.717689,-33.760161],[150.717691,-33.760156],[150.717643,-33.760145]]]},"properties":{"id":"b_000220","label":"21-25 Orth Street, Kingswood (block 3 of 3)","suburb":"Kingswood","storeys":3,"storeys_source":"assumed","flats_est":5,"footprint_m2":265.5,"roof_m2":265.5,"heat_anomaly_c":0.71,"heat_band":"hot","renter_share":0.674,"quick_score":60}},{"type":"Feature","geometry":{"type":"Polygon","coordinates":[[[150.717832,-33.759557],[150.717882,-33.759568],[150.717883,-33.759563],[150.717912,-33.75957],[150.71791,-33.759575],[150.717943,-33.759582],[150.717941,-33.759587],[150.718022,-33.759605],[150.718024,-33.759601],[150.718058,-33.759609],[150.71806,-33.759603],[150.718085,-33.759609],[150.718083,-33.759614],[150.718135,-33.759626],[150.718163,-33.759538],[150.718082,-33.759521],[150.718079,-33.759529],[150.717929,-33.759496],[150.717931,-33.75949],[150.717858,-33.759474],[150.717832,-33.759557]]]},"properties":{"id":"b_000221","label":"22-26 Rodgers Street, Kingswood (block 1 of 4)","suburb":"Kingswood","storeys":3,"storeys_source":"assumed","flats_est":4,"footprint_m2":273.3,"roof_m2":273.3,"heat_anomaly_c":1.9,"heat_band":"hottest","renter_share":0.674,"quick_score":76}},{"type":"Feature","geometry":{"type":"Polygon","coordinates":[[[150.717896,-33.759677],[150.717864,-33.759775],[150.717874,-33.759777],[150.71787,-33.759789],[150.717857,-33.759786],[150.71784,-33.759839],[150.717852,-33.759842],[150.717843,-33.759871],[150.717836,-33.75987],[150.717805,-33.759964],[150.717815,-33.759966],[150.71778,-33.760072],[150.717882,-33.760095],[150.717913,-33.759999],[150.717892,-33.759995],[150.717895,-33.759985],[150.717921,-33.75999],[150.718014,-33.759704],[150.717896,-33.759677]]]},"properties":{"id":"b_000222","label":"22-26 Rodgers Street, Kingswood (block 4 of 4)","suburb":"Kingswood","storeys":3,"storeys_source":"assumed","flats_est":7,"footprint_m2":485.1,"roof_m2":485.1,"heat_anomaly_c":1.41,"heat_band":"hottest","renter_share":0.674,"quick_score":72}},{"type":"Feature","geometry":{"type":"Polygon","coordinates":[[[150.717992,-33.759926],[150.717978,-33.759968],[150.717985,-33.75997],[150.717979,-33.759987],[150.717972,-33.759985],[150.717958,-33.760028],[150.717964,-33.76003],[150.717959,-33.760046],[150.717951,-33.760044],[150.717937,-33.760088],[150.717944,-33.760089],[150.717939,-33.760106],[150.717933,-33.760104],[150.71792,-33.760146],[150.717927,-33.760148],[150.717917,-33.760176],[150.718015,-33.760198],[150.718023,-33.760174],[150.718017,-33.760173],[150.718029,-33.760135],[150.718036,-33.760137],[150.718097,-33.759949],[150.717992,-33.759926]]]},"properties":{"id":"b_000223","label":"21-25 Orth Street, Kingswood (block 1 of 3)","suburb":"Kingswood","storeys":3,"storeys_source":"assumed","flats_est":5,"footprint_m2":281.2,"roof_m2":281.2,"heat_anomaly_c":1.17,"heat_band":"hottest","renter_share":0.674,"quick_score":68}},{"type":"Feature","geometry":{"type":"Polygon","coordinates":[[[150.718108,-33.759923],[150.718119,-33.759889],[150.718112,-33.759887],[150.718121,-33.759856],[150.71813,-33.759858],[150.71814,-33.759827],[150.718133,-33.759825],[150.718139,-33.759805],[150.718148,-33.759807],[150.718161,-33.759767],[150.718149,-33.759765],[150.718157,-33.75974],[150.718167,-33.759742],[150.718178,-33.759708],[150.718169,-33.759706],[150.718181,-33.759672],[150.718085,-33.75965],[150.718073,-33.759685],[150.718081,-33.759687],[150.718073,-33.759714],[150.718064,-33.759712],[150.718052,-33.759748],[150.718059,-33.759749],[150.718052,-33.759771],[150.718043,-33.759769],[150.718031,-33.759808],[150.718037,-33.759809],[150.718031,-33.759827],[150.718023,-33.759825],[150.718009,-33.759869],[150.718016,-33.759871],[150.718007,-33.759901],[150.718108,-33.759923]]]},"properties":{"id":"b_000224","label":"22-26 Rodgers Street, Kingswood (block 3 of 4)","suburb":"Kingswood","storeys":3,"storeys_source":"assumed","flats_est":4,"footprint_m2":276.2,"roof_m2":276.2,"heat_anomaly_c":1.9,"heat_band":"hottest","renter_share":0.674,"quick_score":76}},{"type":"Feature","geometry":{"type":"Polygon","coordinates":[[[150.717766,-33.759582],[150.717737,-33.759672],[150.717728,-33.759676],[150.717723,-33.759697],[150.717736,-33.7597],[150.717727,-33.759732],[150.717717,-33.759737],[150.717699,-33.759796],[150.71769,-33.759794],[150.717682,-33.75982],[150.717689,-33.759821],[150.71768,-33.75985],[150.717671,-33.759853],[150.717662,-33.759885],[150.717758,-33.759905],[150.717766,-33.759878],[150.717774,-33.759879],[150.717784,-33.759845],[150.717776,-33.759843],[150.717785,-33.759813],[150.717793,-33.759815],[150.717804,-33.759781],[150.717793,-33.759779],[150.717801,-33.759754],[150.71781,-33.759756],[150.717827,-33.759699],[150.717838,-33.759702],[150.717851,-33.759659],[150.717845,-33.759657],[150.71785,-33.759639],[150.717856,-33.759641],[150.717871,-33.759595],[150.717797,-33.759579],[150.717794,-33.759588],[150.717766,-33.759582]]]},"properties":{"id":"b_000225","label":"22-26 Rodgers Street, Kingswood (block 2 of 4)","suburb":"Kingswood","storeys":3,"storeys_source":"assumed","flats_est":5,"footprint_m2":326.0,"roof_m2":326.0,"heat_anomaly_c":1.52,"heat_band":"hottest","renter_share":0.674,"quick_score":74}},{"type":"Feature","geometry":{"type":"Polygon","coordinates":[[[150.713836,-33.762289],[150.713786,-33.762443],[150.713885,-33.762465],[150.713935,-33.762311],[150.713836,-33.762289]]]},"properties":{"id":"b_000226","label":"57 Stafford Street, Kingswood (block 1 of 2)","suburb":"Kingswood","storeys":3,"storeys_source":"assumed","flats_est":3,"footprint_m2":167.4,"roof_m2":167.4,"heat_anomaly_c":-0.35,"heat_band":"cooler","renter_share":0.521,"quick_score":14}},{"type":"Feature","geometry":{"type":"Polygon","coordinates":[[[150.713768,-33.762501],[150.713717,-33.762653],[150.713816,-33.762676],[150.713866,-33.762524],[150.713768,-33.762501]]]},"properties":{"id":"b_000227","label":"57 Stafford Street, Kingswood (block 2 of 2)","suburb":"Kingswood","storeys":3,"storeys_source":"assumed","flats_est":3,"footprint_m2":166.3,"roof_m2":166.3,"heat_anomaly_c":-0.25,"heat_band":"average","renter_share":0.521,"quick_score":17}},{"type":"Feature","geometry":{"type":"Polygon","coordinates":[[[150.713617,-33.762359],[150.713601,-33.762409],[150.713608,-33.762411],[150.713582,-33.76249],[150.713572,-33.762488],[150.713555,-33.762541],[150.713642,-33.76256],[150.713661,-33.762501],[150.713701,-33.76251],[150.713721,-33.762448],[150.713683,-33.762439],[150.713703,-33.762378],[150.713617,-33.762359]]]},"properties":{"id":"b_000228","label":"59 Stafford Street, Kingswood","suburb":"Kingswood","storeys":3,"storeys_source":"assumed","flats_est":6,"footprint_m2":192.9,"roof_m2":192.9,"heat_anomaly_c":-0.34,"heat_band":"cooler","renter_share":0.521,"quick_score":15}},{"type":"Feature","geometry":{"type":"Polygon","coordinates":[[[150.712016,-33.761818],[150.711877,-33.761972],[150.711962,-33.762025],[150.712101,-33.761871],[150.712016,-33.761818]]]},"properties":{"id":"b_000229","label":"77 Stafford Street, Kingswood (block 2 of 2)","suburb":"Kingswood","storeys":3,"storeys_source":"assumed","flats_est":3,"footprint_m2":210.8,"roof_m2":210.8,"heat_anomaly_c":0.24,"heat_band":"warm","renter_share":0.521,"quick_score":31}},{"type":"Feature","geometry":{"type":"Polygon","coordinates":[[[150.711764,-33.761979],[150.711931,-33.761795],[150.711841,-33.761738],[150.711674,-33.761923],[150.711764,-33.761979]]]},"properties":{"id":"b_000230","label":"77 Stafford Street, Kingswood (block 1 of 2)","suburb":"Kingswood","storeys":3,"storeys_source":"assumed","flats_est":3,"footprint_m2":267.5,"roof_m2":267.5,"heat_anomaly_c":0.28,"heat_band":"warm","renter_share":0.521,"quick_score":31}},{"type":"Feature","geometry":{"type":"Polygon","coordinates":[[[150.71147,-33.761843],[150.711544,-33.761859],[150.711547,-33.761848],[150.711595,-33.761859],[150.711591,-33.761871],[150.711664,-33.761887],[150.711698,-33.761784],[150.711632,-33.761769],[150.711639,-33.761747],[150.711572,-33.761732],[150.711565,-33.761755],[150.711503,-33.761741],[150.71147,-33.761843]]]},"properties":{"id":"b_000231","label":"Block near Stafford Street (block 2 of 5)","suburb":"Kingswood","storeys":3,"storeys_source":"assumed","flats_est":5,"footprint_m2":229.2,"roof_m2":229.2,"heat_anomaly_c":0.26,"heat_band":"warm","renter_share":0.521,"quick_score":31}},{"type":"Feature","geometry":{"type":"Polygon","coordinates":[[[150.711501,-33.761891],[150.711484,-33.761948],[150.711506,-33.761953],[150.711493,-33.761994],[150.71147,-33.761988],[150.71145,-33.76205],[150.711574,-33.762077],[150.711588,-33.76203],[150.711612,-33.762035],[150.711634,-33.761966],[150.711612,-33.761961],[150.711625,-33.761918],[150.711501,-33.761891]]]},"properties":{"id":"b_000232","label":"79 Stafford Street, Kingswood (block 1 of 2)","suburb":"Kingswood","storeys":3,"storeys_source":"assumed","flats_est":3,"footprint_m2":222.5,"roof_m2":222.5,"heat_anomaly_c":0.35,"heat_band":"warm","renter_share":0.521,"quick_score":34}},{"type":"Feature","geometry":{"type":"Polygon","coordinates":[[[150.711452,-33.762092],[150.711439,-33.762132],[150.711451,-33.762135],[150.71144,-33.762167],[150.711456,-33.762171],[150.711427,-33.76226],[150.711413,-33.762257],[150.711402,-33.762289],[150.711389,-33.762286],[150.711372,-33.76234],[150.711478,-33.762364],[150.711505,-33.762282],[150.711496,-33.762281],[150.711528,-33.762183],[150.711536,-33.762184],[150.711559,-33.762116],[150.711452,-33.762092]]]},"properties":{"id":"b_000233","label":"79 Stafford Street, Kingswood (block 2 of 2)","suburb":"Kingswood","storeys":3,"storeys_source":"assumed","flats_est":3,"footprint_m2":245.6,"roof_m2":245.6,"heat_anomaly_c":0.48,"heat_band":"hot","renter_share":0.521,"quick_score":39}},{"type":"Feature","geometry":{"type":"Polygon","coordinates":[[[150.709876,-33.759631],[150.709868,-33.759653],[150.709861,-33.759652],[150.709849,-33.75969],[150.709855,-33.759691],[150.709839,-33.759742],[150.709834,-33.759741],[150.709817,-33.759794],[150.709823,-33.759795],[150.709798,-33.759875],[150.709999,-33.75992],[150.710008,-33.759891],[150.710016,-33.759893],[150.710023,-33.759873],[150.710016,-33.759872],[150.710026,-33.759844],[150.710035,-33.759846],[150.710052,-33.759794],[150.710037,-33.759791],[150.71004,-33.759782],[150.710028,-33.759779],[150.710033,-33.759763],[150.710067,-33.759771],[150.710075,-33.759749],[150.71007,-33.759747],[150.710082,-33.759711],[150.71007,-33.759708],[150.710084,-33.759664],[150.710002,-33.759645],[150.709997,-33.759658],[150.709876,-33.759631]]]},"properties":{"id":"b_000234","label":"12-14 Hope Street, Penrith","suburb":"Penrith","storeys":3,"storeys_source":"assumed","flats_est":27,"footprint_m2":577.7,"roof_m2":577.7,"heat_anomaly_c":-0.34,"heat_band":"cooler","renter_share":0.792,"quick_score":46}},{"type":"Feature","geometry":{"type":"Polygon","coordinates":[[[150.708458,-33.759801],[150.708453,-33.759819],[150.708417,-33.759811],[150.708412,-33.759826],[150.708402,-33.759824],[150.708405,-33.759815],[150.708345,-33.759803],[150.708341,-33.759816],[150.708334,-33.759815],[150.708338,-33.759802],[150.708289,-33.759791],[150.708287,-33.759798],[150.708255,-33.759791],[150.708232,-33.759864],[150.708244,-33.759866],[150.70824,-33.759878],[150.708305,-33.759892],[150.708308,-33.759882],[150.708319,-33.759885],[150.708316,-33.759895],[150.708421,-33.759917],[150.708419,-33.759922],[150.708469,-33.759933],[150.708506,-33.759811],[150.708458,-33.759801]]]},"properties":{"id":"b_000235","label":"93-103 Derby Street, Penrith","suburb":"Penrith","storeys":3,"storeys_source":"assumed","flats_est":6,"footprint_m2":255.2,"roof_m2":255.2,"heat_anomaly_c":-0.32,"heat_band":"average","renter_share":0.792,"quick_score":46}},{"type":"Feature","geometry":{"type":"Polygon","coordinates":[[[150.708357,-33.759729],[150.708383,-33.75965],[150.708354,-33.759644],[150.708358,-33.759633],[150.708269,-33.759613],[150.708265,-33.759624],[150.708199,-33.759609],[150.708196,-33.759618],[150.708153,-33.759609],[150.708125,-33.759693],[150.708187,-33.759707],[150.708189,-33.759701],[150.708211,-33.759706],[150.708214,-33.759696],[150.708357,-33.759729]]]},"properties":{"id":"b_000236","label":"97 Derby Street, Penrith (block 1 of 2)","suburb":"Penrith","storeys":3,"storeys_source":"assumed","flats_est":5,"footprint_m2":214.9,"roof_m2":214.9,"heat_anomaly_c":-0.44,"heat_band":"cooler","renter_share":0.792,"quick_score":43}},{"type":"Feature","geometry":{"type":"Polygon","coordinates":[[[150.708178,-33.759779],[150.708145,-33.759772],[150.708146,-33.759766],[150.708102,-33.759757],[150.7081,-33.759763],[150.708083,-33.759759],[150.708085,-33.759752],[150.708041,-33.759743],[150.70804,-33.759749],[150.708,-33.759741],[150.707992,-33.759769],[150.707953,-33.759761],[150.707938,-33.759812],[150.708019,-33.759829],[150.708017,-33.759836],[150.708063,-33.759845],[150.708065,-33.759836],[150.708069,-33.759837],[150.708066,-33.759845],[150.708115,-33.759856],[150.708118,-33.759847],[150.708155,-33.759855],[150.708178,-33.759779]]]},"properties":{"id":"b_000237","label":"97 Derby Street, Penrith (block 2 of 2)","suburb":"Penrith","storeys":3,"storeys_source":"assumed","flats_est":4,"footprint_m2":186.3,"roof_m2":186.3,"heat_anomaly_c":-0.28,"heat_band":"average","renter_share":0.792,"quick_score":47}},{"type":"Feature","geometry":{"type":"Polygon","coordinates":[[[150.707831,-33.759658],[150.707824,-33.759679],[150.70782,-33.759679],[150.707827,-33.759657],[150.707769,-33.759644],[150.707764,-33.759661],[150.707729,-33.759653],[150.707723,-33.759671],[150.707703,-33.759666],[150.70769,-33.759642],[150.707699,-33.759614],[150.707687,-33.759611],[150.707695,-33.759586],[150.707743,-33.759597],[150.707754,-33.759561],[150.707766,-33.759564],[150.707778,-33.759529],[150.707766,-33.759527],[150.707771,-33.759512],[150.707635,-33.759482],[150.707609,-33.759564],[150.707623,-33.759567],[150.707615,-33.759592],[150.707606,-33.75959],[150.707603,-33.759599],[150.707589,-33.759595],[150.707576,-33.759635],[150.707589,-33.759638],[150.707581,-33.759662],[150.707596,-33.759682],[150.70759,-33.759685],[150.707613,-33.759715],[150.707617,-33.759713],[150.707632,-33.759733],[150.707659,-33.759739],[150.707655,-33.759752],[150.7077,-33.759761],[150.707701,-33.759757],[150.707734,-33.759764],[150.707732,-33.759769],[150.707783,-33.75978],[150.707794,-33.759747],[150.707803,-33.759749],[150.707792,-33.759783],[150.707845,-33.759795],[150.707846,-33.759791],[150.707882,-33.759799],[150.707892,-33.759767],[150.707897,-33.759768],[150.707911,-33.759725],[150.707905,-33.759724],[150.707914,-33.759696],[150.707879,-33.759688],[150.707885,-33.75967],[150.707831,-33.759658]]]},"properties":{"id":"b_000238","label":"101 Derby Street, Penrith","suburb":"Penrith","storeys":3,"storeys_source":"assumed","flats_est":13,"footprint_m2":545.8,"roof_m2":545.8,"heat_anomaly_c":-0.21,"heat_band":"average","renter_share":0.792,"quick_score":48}},{"type":"Feature","geometry":{"type":"Polygon","coordinates":[[[150.721247,-33.759625],[150.721229,-33.759683],[150.721218,-33.75968],[150.721139,-33.75993],[150.721244,-33.759953],[150.721318,-33.759718],[150.721334,-33.759722],[150.721357,-33.759649],[150.721247,-33.759625]]]},"properties":{"id":"b_000239","label":"29 Santley Crescent, Kingswood","suburb":"Kingswood","storeys":3,"storeys_source":"assumed","flats_est":7,"footprint_m2":362.8,"roof_m2":362.8,"heat_anomaly_c":0.74,"heat_band":"hot","renter_share":0.829,"quick_score":82}},{"type":"Feature","geometry":{"type":"Polygon","coordinates":[[[150.72177,-33.759384],[150.721738,-33.759493],[150.721758,-33.759497],[150.721698,-33.759701],[150.721756,-33.759713],[150.721771,-33.759663],[150.72181,-33.759671],[150.721857,-33.759513],[150.721841,-33.75951],[150.721872,-33.759405],[150.72177,-33.759384]]]},"properties":{"id":"b_000240","label":"27 Santley Crescent, Kingswood (block 1 of 2)","suburb":"Kingswood","storeys":3,"storeys_source":"assumed","flats_est":15,"footprint_m2":317.0,"roof_m2":317.0,"heat_anomaly_c":0.73,"heat_band":"hot","renter_share":0.829,"quick_score":81}},{"type":"Feature","geometry":{"type":"Polygon","coordinates":[[[150.721698,-33.759701],[150.721618,-33.759968],[150.721677,-33.75998],[150.721691,-33.759932],[150.721731,-33.75994],[150.721796,-33.759721],[150.721756,-33.759713],[150.721698,-33.759701]]]},"properties":{"id":"b_000241","label":"27 Santley Crescent, Kingswood (block 2 of 2)","suburb":"Kingswood","storeys":3,"storeys_source":"assumed","flats_est":12,"footprint_m2":265.4,"roof_m2":265.4,"heat_anomaly_c":0.49,"heat_band":"hot","renter_share":0.829,"quick_score":74}},{"type":"Feature","geometry":{"type":"Polygon","coordinates":[[[150.721857,-33.759803],[150.72178,-33.76007],[150.721888,-33.760092],[150.721966,-33.759825],[150.721857,-33.759803]]]},"properties":{"id":"b_000242","label":"23 Santley Crescent, Kingswood","suburb":"Kingswood","storeys":3,"storeys_source":"assumed","flats_est":8,"footprint_m2":315.7,"roof_m2":315.7,"heat_anomaly_c":0.2,"heat_band":"warm","renter_share":0.829,"quick_score":64}},{"type":"Feature","geometry":{"type":"Polygon","coordinates":[[[150.722009,-33.759718],[150.722026,-33.759662],[150.722033,-33.759663],[150.722073,-33.759528],[150.721931,-33.759499],[150.721877,-33.759683],[150.721939,-33.759696],[150.721937,-33.759704],[150.722009,-33.759718]]]},"properties":{"id":"b_000243","label":"21 Santley Crescent, Kingswood (block 2 of 4)","suburb":"Kingswood","storeys":3,"storeys_source":"assumed","flats_est":6,"footprint_m2":286.3,"roof_m2":286.3,"heat_anomaly_c":0.53,"heat_band":"hot","renter_share":0.829,"quick_score":75}},{"type":"Feature","geometry":{"type":"Polygon","coordinates":[[[150.722091,-33.759357],[150.722071,-33.759422],[150.722089,-33.759426],[150.722073,-33.759473],[150.722423,-33.75955],[150.72242,-33.759562],[150.72249,-33.759577],[150.722508,-33.75952],[150.72252,-33.759523],[150.722541,-33.759455],[150.722091,-33.759357]]]},"properties":{"id":"b_000244","label":"21 Santley Crescent, Kingswood (block 1 of 4)","suburb":"Kingswood","storeys":3,"storeys_source":"assumed","flats_est":12,"footprint_m2":551.4,"roof_m2":551.4,"heat_anomaly_c":0.47,"heat_band":"warm","renter_share":0.829,"quick_score":73}},{"type":"Feature","geometry":{"type":"Polygon","coordinates":[[[150.722138,-33.75958],[150.722115,-33.759655],[150.722159,-33.759665],[150.722144,-33.759715],[150.722413,-33.759772],[150.722429,-33.759721],[150.722473,-33.75973],[150.722495,-33.75966],[150.722399,-33.75964],[150.722397,-33.759647],[150.722239,-33.759613],[150.722242,-33.759602],[150.722138,-33.75958]]]},"properties":{"id":"b_000245","label":"21 Santley Crescent, Kingswood (block 3 of 4)","suburb":"Kingswood","storeys":3,"storeys_source":"assumed","flats_est":9,"footprint_m2":420.5,"roof_m2":420.5,"heat_anomaly_c":0.37,"heat_band":"warm","renter_share":0.829,"quick_score":69}},{"type":"Feature","geometry":{"type":"Polygon","coordinates":[[[150.722519,-33.759766],[150.72266,-33.759793],[150.722697,-33.759659],[150.722656,-33.759651],[150.72266,-33.759637],[150.722688,-33.759642],[150.72272,-33.759523],[150.722667,-33.759513],[150.722672,-33.759497],[150.722596,-33.759483],[150.722519,-33.759766]]]},"properties":{"id":"b_000246","label":"162-164 Great Western Highway, Kingswood","suburb":"Kingswood","storeys":3,"storeys_source":"assumed","flats_est":8,"footprint_m2":399.1,"roof_m2":399.1,"heat_anomaly_c":0.35,"heat_band":"warm","renter_share":0.829,"quick_score":68}},{"type":"Feature","geometry":{"type":"Polygon","coordinates":[[[150.7228,-33.759526],[150.722745,-33.759736],[150.722822,-33.75975],[150.722828,-33.759727],[150.722891,-33.759738],[150.72294,-33.759552],[150.7228,-33.759526]]]},"properties":{"id":"b_000247","label":"158-160 Great Western Highway, Kingswood (block 1 of 2)","suburb":"Kingswood","storeys":3,"storeys_source":"assumed","flats_est":12,"footprint_m2":300.7,"roof_m2":300.7,"heat_anomaly_c":0.34,"heat_band":"warm","renter_share":0.829,"quick_score":68}},{"type":"Feature","geometry":{"type":"Polygon","coordinates":[[[150.723028,-33.759574],[150.72298,-33.759757],[150.72304,-33.759768],[150.723033,-33.759794],[150.723112,-33.759808],[150.723167,-33.759599],[150.723028,-33.759574]]]},"properties":{"id":"b_000248","label":"158-160 Great Western Highway, Kingswood (block 2 of 2)","suburb":"Kingswood","storeys":3,"storeys_source":"assumed","flats_est":12,"footprint_m2":295.6,"roof_m2":295.6,"heat_anomaly_c":0.3,"heat_band":"warm","renter_share":0.829,"quick_score":66}},{"type":"Feature","geometry":{"type":"Polygon","coordinates":[[[150.723236,-33.75965],[150.723166,-33.759864],[150.723297,-33.759894],[150.723269,-33.759978],[150.723445,-33.760018],[150.723487,-33.759889],[150.723406,-33.75987],[150.723421,-33.759824],[150.723356,-33.759809],[150.723366,-33.759777],[150.723372,-33.759778],[150.723386,-33.759735],[150.723381,-33.759733],[150.723397,-33.759686],[150.723236,-33.75965]]]},"properties":{"id":"b_000249","label":"154-156 Great Western Highway, Kingswood","suburb":"Kingswood","storeys":3,"storeys_source":"assumed","flats_est":18,"footprint_m2":651.0,"roof_m2":651.0,"heat_anomaly_c":0.32,"heat_band":"warm","renter_share":0.829,"quick_score":67}},{"type":"Feature","geometry":{"type":"Polygon","coordinates":[[[150.72366,-33.759765],[150.723634,-33.759848],[150.723665,-33.759855],[150.723603,-33.76005],[150.723692,-33.760069],[150.723748,-33.759892],[150.723794,-33.759902],[150.723769,-33.75998],[150.723779,-33.759982],[150.723751,-33.76007],[150.723824,-33.760086],[150.723847,-33.760015],[150.723854,-33.760017],[150.723864,-33.759985],[150.723858,-33.759984],[150.723885,-33.759898],[150.723939,-33.75991],[150.723963,-33.759833],[150.723903,-33.75982],[150.723898,-33.759835],[150.723718,-33.759796],[150.723723,-33.759779],[150.72366,-33.759765]]]},"properties":{"id":"b_000250","label":"150-152 Great Western Highway, Kingswood","suburb":"Kingswood","storeys":3,"storeys_source":"assumed","flats_est":20,"footprint_m2":600.9,"roof_m2":600.9,"heat_anomaly_c":0.29,"heat_band":"warm","renter_share":0.829,"quick_score":66}},{"type":"Feature","geometry":{"type":"Polygon","coordinates":[[[150.724144,-33.760287],[150.724127,-33.760373],[150.724116,-33.760372],[150.724098,-33.760461],[150.724091,-33.76046],[150.724056,-33.760633],[150.724194,-33.760652],[150.724202,-33.760613],[150.724222,-33.760616],[150.724285,-33.760307],[150.724144,-33.760287]]]},"properties":{"id":"b_000251","label":"1 Santley Crescent, Kingswood","suburb":"Kingswood","storeys":3,"storeys_source":"assumed","flats_est":13,"footprint_m2":551.9,"roof_m2":551.9,"heat_anomaly_c":-0.24,"heat_band":"average","renter_share":0.829,"quick_score":52}},{"type":"Feature","geometry":{"type":"Polygon","coordinates":[[[150.723684,-33.760418],[150.723651,-33.760543],[150.723797,-33.760569],[150.72383,-33.760444],[150.723684,-33.760418]]]},"properties":{"id":"b_000252","label":"5 Santley Crescent, Kingswood (block 2 of 2)","suburb":"Kingswood","storeys":3,"storeys_source":"assumed","flats_est":3,"footprint_m2":197.6,"roof_m2":197.6,"heat_anomaly_c":0.24,"heat_band":"warm","renter_share":0.829,"quick_score":65}},{"type":"Feature","geometry":{"type":"Polygon","coordinates":[[[150.7237,-33.760359],[150.723785,-33.760374],[150.723786,-33.760368],[150.723846,-33.760379],[150.723889,-33.76022],[150.723744,-33.760193],[150.7237,-33.760359]]]},"properties":{"id":"b_000253","label":"5 Santley Crescent, Kingswood (block 1 of 2)","suburb":"Kingswood","storeys":3,"storeys_source":"assumed","flats_est":4,"footprint_m2":254.7,"roof_m2":254.7,"heat_anomaly_c":0.21,"heat_band":"warm","renter_share":0.829,"quick_score":64}},{"type":"Feature","geometry":{"type":"Polygon","coordinates":[[[150.723538,-33.760187],[150.723464,-33.760451],[150.72358,-33.760474],[150.723654,-33.76021],[150.723538,-33.760187]]]},"properties":{"id":"b_000254","label":"7 Santley Crescent, Kingswood","suburb":"Kingswood","storeys":3,"storeys_source":"assumed","flats_est":8,"footprint_m2":331.2,"roof_m2":331.2,"heat_anomaly_c":0.35,"heat_band":"warm","renter_share":0.829,"quick_score":68}},{"type":"Feature","geometry":{"type":"Polygon","coordinates":[[[150.723143,-33.760114],[150.72313,-33.76016],[150.723122,-33.760158],[150.723101,-33.760235],[150.723108,-33.760236],[150.723084,-33.760323],[150.723075,-33.760321],[150.723063,-33.760367],[150.723152,-33.760384],[150.723205,-33.760187],[150.723289,-33.760203],[150.723235,-33.760402],[150.72332,-33.760418],[150.723333,-33.760368],[150.723325,-33.760367],[150.723347,-33.760285],[150.723357,-33.760287],[150.723377,-33.760216],[150.723369,-33.760214],[150.723384,-33.76016],[150.723143,-33.760114]]]},"properties":{"id":"b_000255","label":"9-11 Santley Crescent, Kingswood","suburb":"Kingswood","storeys":3,"storeys_source":"assumed","flats_est":21,"footprint_m2":510.2,"roof_m2":510.2,"heat_anomaly_c":0.28,"heat_band":"warm","renter_share":0.829,"quick_score":66}},{"type":"Feature","geometry":{"type":"Polygon","coordinates":[[[150.722877,-33.760022],[150.722855,-33.7601],[150.722908,-33.76011],[150.722864,-33.760268],[150.722816,-33.760259],[150.722797,-33.76033],[150.722871,-33.760344],[150.722879,-33.760315],[150.722965,-33.760331],[150.723033,-33.760081],[150.72295,-33.760066],[150.722958,-33.760037],[150.722877,-33.760022]]]},"properties":{"id":"b_000256","label":"13 Santley Crescent, Kingswood","suburb":"Kingswood","storeys":3,"storeys_source":"assumed","flats_est":6,"footprint_m2":401.6,"roof_m2":401.6,"heat_anomaly_c":0.19,"heat_band":"warm","renter_share":0.829,"quick_score":63}},{"type":"Feature","geometry":{"type":"Polygon","coordinates":[[[150.72265,-33.76008],[150.722592,-33.760287],[150.722731,-33.760313],[150.722782,-33.76013],[150.722719,-33.760117],[150.722725,-33.760095],[150.72265,-33.76008]]]},"properties":{"id":"b_000257","label":"Block near Santley Crescent","suburb":"Kingswood","storeys":3,"storeys_source":"assumed","flats_est":7,"footprint_m2":295.1,"roof_m2":295.1,"heat_anomaly_c":0.1,"heat_band":"average","renter_share":0.829,"quick_score":60}},{"type":"Feature","geometry":{"type":"Polygon","coordinates":[[[150.722221,-33.760033],[150.722316,-33.760054],[150.722346,-33.759958],[150.722467,-33.759985],[150.722467,-33.759979],[150.722482,-33.759982],[150.72245,-33.760083],[150.722441,-33.760081],[150.722431,-33.760114],[150.722342,-33.760095],[150.722318,-33.760172],[150.722419,-33.760194],[150.722425,-33.760174],[150.722445,-33.760178],[150.722439,-33.760197],[150.722511,-33.760213],[150.722588,-33.759968],[150.722512,-33.759952],[150.722521,-33.759924],[150.722495,-33.759919],[150.722498,-33.759909],[150.722292,-33.759863],[150.722264,-33.759948],[150.72225,-33.759945],[150.722221,-33.760033]]]},"properties":{"id":"b_000258","label":"17-19 Santley Crescent, Kingswood","suburb":"Kingswood","storeys":3,"storeys_source":"assumed","flats_est":21,"footprint_m2":621.7,"roof_m2":621.7,"heat_anomaly_c":0.21,"heat_band":"warm","renter_share":0.829,"quick_score":64}},{"type":"Feature","geometry":{"type":"Polygon","coordinates":[[[150.722088,-33.759846],[150.722,-33.760149],[150.722098,-33.760169],[150.722187,-33.759866],[150.722088,-33.759846]]]},"properties":{"id":"b_000259","label":"21 Santley Crescent, Kingswood (block 4 of 4)","suburb":"Kingswood","storeys":3,"storeys_source":"assumed","flats_est":7,"footprint_m2":326.3,"roof_m2":326.3,"heat_anomaly_c":0.17,"heat_band":"warm","renter_share":0.829,"quick_score":63}},{"type":"Feature","geometry":{"type":"Polygon","coordinates":[[[150.721149,-33.760324],[150.721138,-33.760381],[150.721127,-33.76038],[150.721113,-33.760453],[150.721557,-33.760513],[150.72157,-33.760445],[150.721559,-33.760443],[150.721571,-33.760385],[150.72146,-33.76037],[150.721449,-33.760424],[150.721252,-33.760398],[150.721263,-33.760339],[150.721149,-33.760324]]]},"properties":{"id":"b_000260","label":"14-18 Santley Crescent, Kingswood","suburb":"Kingswood","storeys":3,"storeys_source":"assumed","flats_est":12,"footprint_m2":471.2,"roof_m2":471.2,"heat_anomaly_c":-0.3,"heat_band":"average","renter_share":0.8,"quick_score":48}},{"type":"Feature","geometry":{"type":"Polygon","coordinates":[[[150.72107,-33.760718],[150.721052,-33.760802],[150.721396,-33.760851],[150.721413,-33.760767],[150.72107,-33.760718]]]},"properties":{"id":"b_000261","label":"7 First Street, Kingswood","suburb":"Kingswood","storeys":3,"storeys_source":"assumed","flats_est":10,"footprint_m2":307.2,"roof_m2":307.2,"heat_anomaly_c":-0.29,"heat_band":"average","renter_share":0.8,"quick_score":48}},{"type":"Feature","geometry":{"type":"Polygon","coordinates":[[[150.721436,-33.760979],[150.721269,-33.760955],[150.721265,-33.760976],[150.721222,-33.76097],[150.721227,-33.760948],[150.721195,-33.760944],[150.721191,-33.760965],[150.721148,-33.760959],[150.721153,-33.760937],[150.721081,-33.760927],[150.721064,-33.761013],[150.720985,-33.761002],[150.720972,-33.761065],[150.721008,-33.76107],[150.721003,-33.761097],[150.721032,-33.761101],[150.72102,-33.761161],[150.721118,-33.761175],[150.721115,-33.761189],[150.721204,-33.761201],[150.721206,-33.761189],[150.721363,-33.76121],[150.72139,-33.761073],[150.721416,-33.761077],[150.721436,-33.760979]]]},"properties":{"id":"b_000262","label":"9-11 First Street, Kingswood","suburb":"Kingswood","storeys":3,"storeys_source":"assumed","flats_est":19,"footprint_m2":913.8,"roof_m2":913.8,"heat_anomaly_c":-0.04,"heat_band":"average","renter_share":0.8,"quick_score":55}},{"type":"Feature","geometry":{"type":"Polygon","coordinates":[[[150.721016,-33.761401],[150.72098,-33.76157],[150.721073,-33.761584],[150.721093,-33.76149],[150.721164,-33.761501],[150.721146,-33.761588],[150.721242,-33.761603],[150.721275,-33.76145],[150.721195,-33.761438],[150.721197,-33.761428],[150.721016,-33.761401]]]},"properties":{"id":"b_000263","label":"15-17 First Street, Kingswood","suburb":"Kingswood","storeys":3,"storeys_source":"assumed","flats_est":15,"footprint_m2":381.7,"roof_m2":381.7,"heat_anomaly_c":0.32,"heat_band":"warm","renter_share":0.8,"quick_score":65}},{"type":"Feature","geometry":{"type":"Polygon","coordinates":[[[150.721,-33.762068],[150.720991,-33.762114],[150.720922,-33.762105],[150.72091,-33.762163],[150.720994,-33.762175],[150.720999,-33.762151],[150.721204,-33.76218],[150.72122,-33.762099],[150.721,-33.762068]]]},"properties":{"id":"b_000264","label":"Block near First Street (block 2 of 2)","suburb":"Kingswood","storeys":3,"storeys_source":"assumed","flats_est":5,"footprint_m2":235.5,"roof_m2":235.5,"heat_anomaly_c":0.62,"heat_band":"hot","renter_share":0.8,"quick_score":76}},{"type":"Feature","geometry":{"type":"Polygon","coordinates":[[[150.72092,-33.762097],[150.721003,-33.761708],[150.720887,-33.761691],[150.720805,-33.76208],[150.72092,-33.762097]]]},"properties":{"id":"b_000265","label":"23 First Street, Kingswood","suburb":"Kingswood","storeys":3,"storeys_source":"assumed","flats_est":22,"footprint_m2":477.7,"roof_m2":477.7,"heat_anomaly_c":0.51,"heat_band":"hot","renter_share":0.8,"quick_score":73}},{"type":"Feature","geometry":{"type":"Polygon","coordinates":[[[150.720863,-33.762216],[150.72086,-33.762228],[150.720757,-33.762213],[150.720742,-33.762288],[150.721102,-33.76234],[150.721121,-33.762254],[150.720863,-33.762216]]]},"properties":{"id":"b_000266","label":"25 First Street, Kingswood","suburb":"Kingswood","storeys":3,"storeys_source":"assumed","flats_est":9,"footprint_m2":317.6,"roof_m2":317.6,"heat_anomaly_c":0.86,"heat_band":"hot","renter_share":0.8,"quick_score":82}},{"type":"Feature","geometry":{"type":"Polygon","coordinates":[[[150.721018,-33.761647],[150.721006,-33.761702],[150.721075,-33.761712],[150.721065,-33.761759],[150.721275,-33.76179],[150.721292,-33.76171],[150.721095,-33.761681],[150.721099,-33.761659],[150.721018,-33.761647]]]},"properties":{"id":"b_000267","label":"Block near First Street (block 1 of 2)","suburb":"Kingswood","storeys":3,"storeys_source":"assumed","flats_est":5,"footprint_m2":220.3,"roof_m2":220.3,"heat_anomaly_c":0.37,"heat_band":"warm","renter_share":0.8,"quick_score":67}},{"type":"Feature","geometry":{"type":"Polygon","coordinates":[[[150.721,-33.762597],[150.72099,-33.762645],[150.720932,-33.762636],[150.72091,-33.762743],[150.720968,-33.762751],[150.720957,-33.7628],[150.721055,-33.762814],[150.721097,-33.76261],[150.721,-33.762597]]]},"properties":{"id":"b_000268","label":"29-31 First Street, Kingswood (block 1 of 2)","suburb":"Kingswood","storeys":3,"storeys_source":"assumed","flats_est":7,"footprint_m2":276.1,"roof_m2":276.1,"heat_anomaly_c":0.96,"heat_band":"hot","renter_share":0.8,"quick_score":83}},{"type":"Feature","geometry":{"type":"Polygon","coordinates":[[[150.720707,-33.762711],[150.720697,-33.762761],[150.720636,-33.762752],[150.720619,-33.762834],[150.720866,-33.76287],[150.720867,-33.762862],[150.720932,-33.762871],[150.720948,-33.762792],[150.720881,-33.762783],[150.720879,-33.762789],[150.720823,-33.762781],[150.720834,-33.762729],[150.720707,-33.762711]]]},"properties":{"id":"b_000269","label":"29-31 First Street, Kingswood (block 2 of 2)","suburb":"Kingswood","storeys":3,"storeys_source":"assumed","flats_est":8,"footprint_m2":334.4,"roof_m2":334.4,"heat_anomaly_c":1.12,"heat_band":"hottest","renter_share":0.8,"quick_score":85}},{"type":"Feature","geometry":{"type":"Polygon","coordinates":[[[150.720129,-33.762645],[150.720118,-33.762696],[150.720124,-33.762697],[150.720111,-33.762759],[150.720175,-33.762768],[150.720178,-33.762756],[150.720392,-33.762787],[150.72039,-33.762799],[150.720449,-33.762807],[150.720462,-33.762744],[150.72047,-33.762745],[150.72048,-33.762698],[150.720386,-33.762684],[150.720384,-33.762696],[150.720224,-33.762673],[150.720227,-33.762659],[150.720129,-33.762645]]]},"properties":{"id":"b_000270","label":"30 Bringelly Road, Kingswood","suburb":"Kingswood","storeys":3,"storeys_source":"assumed","flats_est":6,"footprint_m2":358.2,"roof_m2":358.2,"heat_anomaly_c":1.24,"heat_band":"hottest","renter_share":0.8,"quick_score":87}},{"type":"Feature","geometry":{"type":"Polygon","coordinates":[[[150.720178,-33.76248],[150.720167,-33.762536],[150.720158,-33.762535],[150.720143,-33.762607],[150.720377,-33.76264],[150.720404,-33.762512],[150.720178,-33.76248]]]},"properties":{"id":"b_000271","label":"28 Bringelly Road, Kingswood","suburb":"Kingswood","storeys":3,"storeys_source":"assumed","flats_est":8,"footprint_m2":312.5,"roof_m2":312.5,"heat_anomaly_c":1.24,"heat_band":"hottest","renter_share":0.8,"quick_score":87}},{"type":"Feature","geometry":{"type":"Polygon","coordinates":[[[150.720193,-33.76231],[150.720169,-33.762424],[150.720196,-33.762428],[150.720198,-33.762421],[150.720533,-33.762469],[150.720547,-33.762403],[150.720577,-33.762408],[150.720584,-33.762372],[150.720546,-33.762366],[150.720555,-33.762324],[150.720498,-33.762316],[150.720484,-33.762383],[150.720422,-33.762374],[150.720424,-33.762364],[150.720347,-33.762353],[150.720345,-33.76236],[150.720288,-33.762351],[150.720293,-33.762325],[150.720193,-33.76231]]]},"properties":{"id":"b_000272","label":"26 Bringelly Road, Kingswood","suburb":"Kingswood","storeys":3,"storeys_source":"assumed","flats_est":8,"footprint_m2":391.9,"roof_m2":391.9,"heat_anomaly_c":1.14,"heat_band":"hottest","renter_share":0.8,"quick_score":86}},{"type":"Feature","geometry":{"type":"Polygon","coordinates":[[[150.720228,-33.762139],[150.720208,-33.76224],[150.720588,-33.762292],[150.720604,-33.762213],[150.720473,-33.762195],[150.720478,-33.762173],[150.720228,-33.762139]]]},"properties":{"id":"b_000273","label":"24 Bringelly Road, Kingswood","suburb":"Kingswood","storeys":3,"storeys_source":"assumed","flats_est":8,"footprint_m2":374.2,"roof_m2":374.2,"heat_anomaly_c":1.03,"heat_band":"hottest","renter_share":0.8,"quick_score":84}},{"type":"Feature","geometry":{"type":"Polygon","coordinates":[[[150.720255,-33.762056],[150.720655,-33.762114],[150.72068,-33.761997],[150.720274,-33.761937],[150.720257,-33.762014],[150.720263,-33.762014],[150.720255,-33.762056]]]},"properties":{"id":"b_000274","label":"22 Bringelly Road, Kingswood","suburb":"Kingswood","storeys":3,"storeys_source":"assumed","flats_est":8,"footprint_m2":505.1,"roof_m2":505.1,"heat_anomaly_c":0.85,"heat_band":"hot","renter_share":0.8,"quick_score":82}},{"type":"Feature","geometry":{"type":"Polygon","coordinates":[[[150.720313,-33.76178],[150.720292,-33.76188],[150.720567,-33.761919],[150.720575,-33.76188],[150.720591,-33.761882],[150.720604,-33.761821],[150.720313,-33.76178]]]},"properties":{"id":"b_000275","label":"20 Bringelly Road, Kingswood","suburb":"Kingswood","storeys":3,"storeys_source":"assumed","flats_est":8,"footprint_m2":301.1,"roof_m2":301.1,"heat_anomaly_c":0.8,"heat_band":"hot","renter_share":0.8,"quick_score":80}},{"type":"Feature","geometry":{"type":"Polygon","coordinates":[[[150.720421,-33.76121],[150.720404,-33.761305],[150.720466,-33.761312],[150.720465,-33.761321],[150.720829,-33.761367],[150.720845,-33.76128],[150.720727,-33.761265],[150.720729,-33.761255],[150.720523,-33.761229],[150.720524,-33.761223],[150.720421,-33.76121]]]},"properties":{"id":"b_000276","label":"14 Bringelly Road, Kingswood","suburb":"Kingswood","storeys":3,"storeys_source":"assumed","flats_est":8,"footprint_m2":425.2,"roof_m2":425.2,"heat_anomaly_c":0.2,"heat_band":"warm","renter_share":0.8,"quick_score":62}},{"type":"Feature","geometry":{"type":"Polygon","coordinates":[[[150.723259,-33.762358],[150.722803,-33.762292],[150.722785,-33.76238],[150.722829,-33.762386],[150.722813,-33.762462],[150.72297,-33.762485],[150.722971,-33.762477],[150.723122,-33.762499],[150.723126,-33.762482],[150.723178,-33.76249],[150.723177,-33.762498],[150.723211,-33.762503],[150.723217,-33.762477],[150.723233,-33.762479],[150.723259,-33.762358]]]},"properties":{"id":"b_000277","label":"18 Paskin Street, Kingswood","suburb":"Kingswood","storeys":3,"storeys_source":"assumed","flats_est":15,"footprint_m2":713.8,"roof_m2":713.8,"heat_anomaly_c":0.13,"heat_band":"average","renter_share":0.677,"quick_score":42}},{"type":"Feature","geometry":{"type":"Polygon","coordinates":[[[150.720119,-33.763842],[150.720095,-33.763971],[150.72015,-33.763978],[150.720148,-33.763986],[150.720247,-33.763999],[150.720248,-33.76399],[150.720257,-33.763991],[150.72028,-33.763875],[150.720273,-33.763875],[150.720276,-33.763862],[150.720119,-33.763842]]]},"properties":{"id":"b_000278","label":"40 Bringelly Road, Kingswood","suburb":"Kingswood","storeys":3,"storeys_source":"assumed","flats_est":3,"footprint_m2":228.9,"roof_m2":228.9,"heat_anomaly_c":0.99,"heat_band":"hottest","renter_share":0.549,"quick_score":52}},{"type":"Feature","geometry":{"type":"Polygon","coordinates":[[[150.720454,-33.763429],[150.720438,-33.763512],[150.720557,-33.763528],[150.720559,-33.763517],[150.720581,-33.76352],[150.720583,-33.763508],[150.720655,-33.763517],[150.720651,-33.763536],[150.720671,-33.763538],[150.72067,-33.763545],[150.720766,-33.763559],[150.720768,-33.763548],[150.720787,-33.763551],[150.72079,-33.763536],[150.720834,-33.763541],[150.720831,-33.763558],[150.720847,-33.76356],[150.720846,-33.763566],[150.72087,-33.763569],[150.720869,-33.763575],[150.720913,-33.763581],[150.72093,-33.763493],[150.720454,-33.763429]]]},"properties":{"id":"b_000279","label":"37 First Street, Kingswood","suburb":"Kingswood","storeys":3,"storeys_source":"assumed","flats_est":5,"footprint_m2":386.4,"roof_m2":386.4,"heat_anomaly_c":1.23,"heat_band":"hottest","renter_share":0.549,"quick_score":56}},{"type":"Feature","geometry":{"type":"Polygon","coordinates":[[[150.718682,-33.762564],[150.718661,-33.762635],[150.718673,-33.762637],[150.718665,-33.762662],[150.718677,-33.762665],[150.718665,-33.762706],[150.71865,-33.762702],[150.718648,-33.762708],[150.718634,-33.762705],[150.718608,-33.762791],[150.718687,-33.762807],[150.71871,-33.762732],[150.718744,-33.762739],[150.718765,-33.76267],[150.718731,-33.762663],[150.718757,-33.76258],[150.718682,-33.762564]]]},"properties":{"id":"b_000280","label":"Block near Derby Street (block 3 of 3)","suburb":"Kingswood","storeys":3,"storeys_source":"assumed","flats_est":5,"footprint_m2":200.7,"roof_m2":200.7,"heat_anomaly_c":0.4,"heat_band":"warm","renter_share":0.592,"quick_score":44}},{"type":"Feature","geometry":{"type":"Polygon","coordinates":[[[150.718586,-33.762794],[150.718581,-33.762808],[150.718573,-33.762806],[150.718514,-33.762996],[150.718409,-33.762973],[150.718404,-33.762988],[150.718397,-33.762987],[150.718378,-33.763049],[150.718423,-33.763059],[150.718426,-33.763049],[150.718513,-33.763068],[150.718518,-33.763051],[150.718586,-33.763066],[150.71863,-33.762926],[150.718648,-33.762929],[150.718667,-33.762867],[150.718649,-33.762863],[150.718666,-33.762811],[150.718586,-33.762794]]]},"properties":{"id":"b_000281","label":"4-6 Derby Street, Kingswood (block 3 of 3)","suburb":"Kingswood","storeys":3,"storeys_source":"assumed","flats_est":4,"footprint_m2":348.3,"roof_m2":348.3,"heat_anomaly_c":0.16,"heat_band":"warm","renter_share":0.592,"quick_score":34}},{"type":"Feature","geometry":{"type":"Polygon","coordinates":[[[150.718422,-33.762903],[150.718454,-33.762799],[150.718285,-33.762763],[150.718262,-33.762838],[150.718348,-33.762856],[150.718339,-33.762885],[150.718422,-33.762903]]]},"properties":{"id":"b_000282","label":"4-6 Derby Street, Kingswood (block 2 of 3)","suburb":"Kingswood","storeys":3,"storeys_source":"assumed","flats_est":2,"footprint_m2":165.5,"roof_m2":165.5,"heat_anomaly_c":0.18,"heat_band":"warm","renter_share":0.592,"quick_score":36}},{"type":"Feature","geometry":{"type":"Polygon","coordinates":[[[150.718517,-33.762798],[150.718532,-33.762751],[150.718546,-33.762754],[150.718589,-33.762616],[150.718601,-33.762618],[150.718616,-33.762569],[150.718606,-33.762567],[150.718611,-33.762551],[150.71858,-33.762544],[150.718584,-33.76253],[150.718488,-33.762509],[150.718472,-33.762558],[150.718504,-33.762565],[150.718437,-33.76278],[150.718517,-33.762798]]]},"properties":{"id":"b_000283","label":"4-6 Derby Street, Kingswood (block 1 of 3)","suburb":"Kingswood","storeys":3,"storeys_source":"assumed","flats_est":4,"footprint_m2":286.0,"roof_m2":286.0,"heat_anomaly_c":0.34,"heat_band":"warm","renter_share":0.592,"quick_score":40}},{"type":"Feature","geometry":{"type":"Polygon","coordinates":[[[150.721713,-33.759342],[150.721739,-33.759257],[150.721545,-33.759216],[150.721519,-33.759301],[150.721713,-33.759342]]]},"properties":{"id":"b_000284","label":"Block near Great Western Highway","suburb":"Kingswood","storeys":3,"storeys_source":"assumed","flats_est":4,"footprint_m2":180.4,"roof_m2":180.4,"heat_anomaly_c":0.85,"heat_band":"hot","renter_share":0.829,"quick_score":84}},{"type":"Feature","geometry":{"type":"Polygon","coordinates":[[[150.706303,-33.760143],[150.706277,-33.760222],[150.706322,-33.760231],[150.706318,-33.760242],[150.706276,-33.760234],[150.706251,-33.760312],[150.706381,-33.760341],[150.706406,-33.760262],[150.706364,-33.760252],[150.706367,-33.760242],[150.706409,-33.760252],[150.706435,-33.760172],[150.706303,-33.760143]]]},"properties":{"id":"b_000285","label":"124 Derby Street, Penrith (block 1 of 2)","suburb":"Penrith","storeys":3,"storeys_source":"assumed","flats_est":12,"footprint_m2":233.4,"roof_m2":233.4,"heat_anomaly_c":0.44,"heat_band":"warm","renter_share":0.563,"quick_score":42}},{"type":"Feature","geometry":{"type":"Polygon","coordinates":[[[150.706496,-33.760187],[150.70647,-33.760265],[150.706529,-33.760278],[150.706506,-33.760348],[150.706601,-33.760369],[150.706636,-33.760259],[150.706558,-33.760242],[150.70657,-33.760203],[150.706496,-33.760187]]]},"properties":{"id":"b_000286","label":"124 Derby Street, Penrith (block 2 of 2)","suburb":"Penrith","storeys":3,"storeys_source":"assumed","flats_est":9,"footprint_m2":172.3,"roof_m2":172.3,"heat_anomaly_c":0.37,"heat_band":"warm","renter_share":0.563,"quick_score":39}},{"type":"Feature","geometry":{"type":"Polygon","coordinates":[[[150.706466,-33.760427],[150.706445,-33.760497],[150.706387,-33.760484],[150.706363,-33.760562],[150.70643,-33.760577],[150.706442,-33.76054],[150.706529,-33.760559],[150.706564,-33.760449],[150.706466,-33.760427]]]},"properties":{"id":"b_000287","label":"Block near Colless Street (block 1 of 2)","suburb":"Penrith","storeys":3,"storeys_source":"assumed","flats_est":4,"footprint_m2":172.2,"roof_m2":172.2,"heat_anomaly_c":0.65,"heat_band":"hot","renter_share":0.563,"quick_score":48}},{"type":"Feature","geometry":{"type":"Polygon","coordinates":[[[150.705855,-33.759647],[150.705847,-33.759651],[150.705826,-33.759717],[150.705845,-33.759721],[150.705827,-33.759778],[150.705808,-33.759774],[150.705788,-33.759835],[150.705903,-33.75986],[150.705964,-33.759671],[150.705855,-33.759647]]]},"properties":{"id":"b_000288","label":"130 Derby Street, Penrith","suburb":"Penrith","storeys":3,"storeys_source":"assumed","flats_est":3,"footprint_m2":228.7,"roof_m2":228.7,"heat_anomaly_c":-0.08,"heat_band":"average","renter_share":0.563,"quick_score":26}},{"type":"Feature","geometry":{"type":"Polygon","coordinates":[[[150.705736,-33.76],[150.705713,-33.760072],[150.705723,-33.760074],[150.705697,-33.760157],[150.705788,-33.760177],[150.705836,-33.760022],[150.705736,-33.76]]]},"properties":{"id":"b_000289","label":"130-132 Derby Street, Penrith (block 3 of 3)","suburb":"Penrith","storeys":3,"storeys_source":"assumed","flats_est":2,"footprint_m2":162.0,"roof_m2":162.0,"heat_anomaly_c":0.5,"heat_band":"hot","renter_share":0.563,"quick_score":45}},{"type":"Feature","geometry":{"type":"Polygon","coordinates":[[[150.705526,-33.760302],[150.705555,-33.760211],[150.705547,-33.760209],[150.705567,-33.760145],[150.705477,-33.760126],[150.705428,-33.76028],[150.705526,-33.760302]]]},"properties":{"id":"b_000290","label":"Block near Derby Street (block 2 of 3)","suburb":"Penrith","storeys":3,"storeys_source":"assumed","flats_est":4,"footprint_m2":161.4,"roof_m2":161.4,"heat_anomaly_c":0.66,"heat_band":"hot","renter_share":0.563,"quick_score":49}},{"type":"Feature","geometry":{"type":"Polygon","coordinates":[[[150.70557,-33.760127],[150.70562,-33.759972],[150.705522,-33.75995],[150.705472,-33.760106],[150.70557,-33.760127]]]},"properties":{"id":"b_000291","label":"130-132 Derby Street, Penrith (block 2 of 3)","suburb":"Penrith","storeys":3,"storeys_source":"assumed","flats_est":2,"footprint_m2":167.5,"roof_m2":167.5,"heat_anomaly_c":0.45,"heat_band":"warm","renter_share":0.563,"quick_score":42}},{"type":"Feature","geometry":{"type":"Polygon","coordinates":[[[150.70562,-33.759953],[150.70564,-33.759891],[150.705649,-33.759893],[150.705679,-33.759802],[150.70558,-33.75978],[150.705531,-33.759933],[150.70562,-33.759953]]]},"properties":{"id":"b_000292","label":"130-132 Derby Street, Penrith (block 1 of 3)","suburb":"Penrith","storeys":3,"storeys_source":"assumed","flats_est":2,"footprint_m2":158.6,"roof_m2":158.6,"heat_anomaly_c":0.16,"heat_band":"warm","renter_share":0.563,"quick_score":32}},{"type":"Feature","geometry":{"type":"Polygon","coordinates":[[[150.70569,-33.759758],[150.705707,-33.759703],[150.705717,-33.759705],[150.705744,-33.759622],[150.70566,-33.759603],[150.705658,-33.759611],[150.705615,-33.759602],[150.705592,-33.759675],[150.705615,-33.75968],[150.705597,-33.759738],[150.70569,-33.759758]]]},"properties":{"id":"b_000293","label":"Block near Derby Street (block 1 of 3)","suburb":"Penrith","storeys":3,"storeys_source":"assumed","flats_est":4,"footprint_m2":167.8,"roof_m2":167.8,"heat_anomaly_c":-0.16,"heat_band":"average","renter_share":0.563,"quick_score":23}},{"type":"Feature","geometry":{"type":"Polygon","coordinates":[[[150.705448,-33.759532],[150.705403,-33.759681],[150.705424,-33.759686],[150.705382,-33.759822],[150.705373,-33.75982],[150.705349,-33.759896],[150.705464,-33.75992],[150.705484,-33.759856],[150.705498,-33.759859],[150.705543,-33.759712],[150.705536,-33.75971],[150.705581,-33.75956],[150.705448,-33.759532]]]},"properties":{"id":"b_000294","label":"134 Derby Street, Penrith","suburb":"Penrith","storeys":3,"storeys_source":"assumed","flats_est":11,"footprint_m2":493.2,"roof_m2":493.2,"heat_anomaly_c":-0.17,"heat_band":"average","renter_share":0.563,"quick_score":23}},{"type":"Feature","geometry":{"type":"Polygon","coordinates":[[[150.705331,-33.759903],[150.705304,-33.759986],[150.705321,-33.75999],[150.705271,-33.760145],[150.705286,-33.760148],[150.705262,-33.760221],[150.705361,-33.760243],[150.705388,-33.76016],[150.705377,-33.760157],[150.705435,-33.759977],[150.705452,-33.759981],[150.705467,-33.759934],[150.705331,-33.759903]]]},"properties":{"id":"b_000295","label":"136 Derby Street, Penrith (block 2 of 3)","suburb":"Penrith","storeys":3,"storeys_source":"assumed","flats_est":5,"footprint_m2":373.4,"roof_m2":373.4,"heat_anomaly_c":0.4,"heat_band":"warm","renter_share":0.563,"quick_score":41}},{"type":"Feature","geometry":{"type":"Polygon","coordinates":[[[150.705112,-33.76025],[150.705125,-33.760207],[150.705142,-33.76021],[150.705222,-33.75995],[150.705103,-33.759924],[150.704994,-33.760281],[150.705069,-33.760297],[150.705067,-33.760306],[150.705157,-33.760325],[150.705178,-33.760307],[150.705184,-33.760287],[150.705175,-33.760264],[150.705112,-33.76025]]]},"properties":{"id":"b_000296","label":"136 Derby Street, Penrith (block 3 of 3)","suburb":"Penrith","storeys":3,"storeys_source":"assumed","flats_est":7,"footprint_m2":496.0,"roof_m2":496.0,"heat_anomaly_c":0.5,"heat_band":"hot","renter_share":0.563,"quick_score":45}},{"type":"Feature","geometry":{"type":"Polygon","coordinates":[[[150.705108,-33.759912],[150.705194,-33.759931],[150.705196,-33.759925],[150.70521,-33.759928],[150.705253,-33.759798],[150.705258,-33.759799],[150.705293,-33.759691],[150.705286,-33.75969],[150.705302,-33.759641],[150.70531,-33.759643],[150.705341,-33.759546],[150.705327,-33.759543],[150.70533,-33.759532],[150.705316,-33.75951],[150.705287,-33.759505],[150.705267,-33.759515],[150.705239,-33.759509],[150.705185,-33.759674],[150.705171,-33.759671],[150.705142,-33.759762],[150.705156,-33.759765],[150.705108,-33.759912]]]},"properties":{"id":"b_000297","label":"136 Derby Street, Penrith (block 1 of 3)","suburb":"Penrith","storeys":3,"storeys_source":"assumed","flats_est":6,"footprint_m2":477.4,"roof_m2":477.4,"heat_anomaly_c":-0.14,"heat_band":"average","renter_share":0.563,"quick_score":24}},{"type":"Feature","geometry":{"type":"Polygon","coordinates":[[[150.704754,-33.760546],[150.704723,-33.76064],[150.704762,-33.760649],[150.704735,-33.760732],[150.704694,-33.760722],[150.704663,-33.760819],[150.704711,-33.76083],[150.704704,-33.760852],[150.704761,-33.760865],[150.704835,-33.76064],[150.704806,-33.760633],[150.704829,-33.760563],[150.704754,-33.760546]]]},"properties":{"id":"b_000298","label":"147 Stafford Street, Penrith","suburb":"Penrith","storeys":3,"storeys_source":"assumed","flats_est":5,"footprint_m2":272.3,"roof_m2":272.3,"heat_anomaly_c":0.94,"heat_band":"hot","renter_share":0.563,"quick_score":55}},{"type":"Feature","geometry":{"type":"Polygon","coordinates":[[[150.706063,-33.760874],[150.705995,-33.761088],[150.706129,-33.761117],[150.706144,-33.761068],[150.70614,-33.761067],[150.706154,-33.761023],[150.70616,-33.761024],[150.706188,-33.760934],[150.706181,-33.760932],[150.706191,-33.760902],[150.706063,-33.760874]]]},"properties":{"id":"b_000299","label":"131 Stafford Street, Penrith (block 1 of 2)","suburb":"Penrith","storeys":3,"storeys_source":"assumed","flats_est":8,"footprint_m2":311.7,"roof_m2":311.7,"heat_anomaly_c":1.1,"heat_band":"hottest","renter_share":0.563,"quick_score":57}},{"type":"Feature","geometry":{"type":"Polygon","coordinates":[[[150.706187,-33.761153],[150.706171,-33.761201],[150.706176,-33.761202],[150.706162,-33.761246],[150.706155,-33.761244],[150.706116,-33.761364],[150.706254,-33.761395],[150.706322,-33.761183],[150.706187,-33.761153]]]},"properties":{"id":"b_000300","label":"Block near Stafford Street (block 1 of 5)","suburb":"Penrith","storeys":3,"storeys_source":"assumed","flats_est":7,"footprint_m2":316.6,"roof_m2":316.6,"heat_anomaly_c":0.98,"heat_band":"hottest","renter_share":0.563,"quick_score":55}},{"type":"Feature","geometry":{"type":"Polygon","coordinates":[[[150.706193,-33.761137],[150.706325,-33.761167],[150.706394,-33.760955],[150.70626,-33.760925],[150.706222,-33.761043],[150.706229,-33.761045],[150.706215,-33.761087],[150.706209,-33.761086],[150.706193,-33.761137]]]},"properties":{"id":"b_000301","label":"131 Stafford Street, Penrith (block 2 of 2)","suburb":"Penrith","storeys":3,"storeys_source":"assumed","flats_est":8,"footprint_m2":308.6,"roof_m2":308.6,"heat_anomaly_c":0.95,"heat_band":"hot","renter_share":0.563,"quick_score":55}},{"type":"Feature","geometry":{"type":"Polygon","coordinates":[[[150.706479,-33.760786],[150.706516,-33.760673],[150.70634,-33.760633],[150.706303,-33.760744],[150.706351,-33.760755],[150.706354,-33.760748],[150.706431,-33.760766],[150.706428,-33.760774],[150.706479,-33.760786]]]},"properties":{"id":"b_000302","label":"Block near Colless Street (block 2 of 2)","suburb":"Penrith","storeys":3,"storeys_source":"assumed","flats_est":5,"footprint_m2":212.0,"roof_m2":212.0,"heat_anomaly_c":0.79,"heat_band":"hot","renter_share":0.563,"quick_score":52}},{"type":"Feature","geometry":{"type":"Polygon","coordinates":[[[150.70365,-33.759146],[150.703647,-33.759156],[150.703607,-33.759147],[150.703585,-33.759214],[150.703621,-33.759222],[150.703609,-33.759261],[150.703572,-33.759252],[150.703548,-33.759328],[150.703707,-33.759363],[150.703731,-33.759287],[150.703694,-33.759278],[150.703706,-33.759241],[150.703744,-33.75925],[150.703767,-33.759178],[150.703731,-33.759171],[150.703733,-33.759164],[150.70365,-33.759146]]]},"properties":{"id":"b_000303","label":"152 Derby Street, Penrith","suburb":"Penrith","storeys":3,"storeys_source":"assumed","flats_est":8,"footprint_m2":296.3,"roof_m2":296.3,"heat_anomaly_c":-0.15,"heat_band":"average","renter_share":0.67,"quick_score":32}},{"type":"Feature","geometry":{"type":"Polygon","coordinates":[[[150.701699,-33.758965],[150.701723,-33.758892],[150.701695,-33.758885],[150.701711,-33.758836],[150.701719,-33.758838],[150.701732,-33.758801],[150.701721,-33.758799],[150.701742,-33.758737],[150.701643,-33.758714],[150.701595,-33.758855],[150.701611,-33.758858],[150.701583,-33.758938],[150.701699,-33.758965]]]},"properties":{"id":"b_000304","label":"170 Derby Street, Penrith","suburb":"Penrith","storeys":3,"storeys_source":"assumed","flats_est":6,"footprint_m2":260.4,"roof_m2":260.4,"heat_anomaly_c":0.67,"heat_band":"hot","renter_share":0.67,"quick_score":57}},{"type":"Feature","geometry":{"type":"Polygon","coordinates":[[[150.701203,-33.759285],[150.701163,-33.759433],[150.701257,-33.759451],[150.701259,-33.759441],[150.70131,-33.759451],[150.701307,-33.759461],[150.701389,-33.759477],[150.701413,-33.759391],[150.701436,-33.759395],[150.701452,-33.759335],[150.70141,-33.759327],[150.701413,-33.759315],[150.7014,-33.759297],[150.701375,-33.759292],[150.701355,-33.759301],[150.701352,-33.759313],[150.701203,-33.759285]]]},"properties":{"id":"b_000305","label":"25 Tornaros Avenue, Penrith","suburb":"Penrith","storeys":3,"storeys_source":"assumed","flats_est":9,"footprint_m2":385.8,"roof_m2":385.8,"heat_anomaly_c":1.14,"heat_band":"hottest","renter_share":0.67,"quick_score":66}},{"type":"Feature","geometry":{"type":"Polygon","coordinates":[[[150.702299,-33.759566],[150.702269,-33.759667],[150.70243,-33.759701],[150.702428,-33.759705],[150.702508,-33.759722],[150.702509,-33.759718],[150.702614,-33.75974],[150.702644,-33.759637],[150.702299,-33.759566]]]},"properties":{"id":"b_000306","label":"7-13 Tornaros Avenue, Penrith","suburb":"Penrith","storeys":3,"storeys_source":"assumed","flats_est":9,"footprint_m2":386.5,"roof_m2":386.5,"heat_anomaly_c":1.13,"heat_band":"hottest","renter_share":0.67,"quick_score":65}},{"type":"Feature","geometry":{"type":"Polygon","coordinates":[[[150.703219,-33.760262],[150.703209,-33.760292],[150.703197,-33.760289],[150.703179,-33.760346],[150.703248,-33.760361],[150.703243,-33.760376],[150.703219,-33.760371],[150.703196,-33.760442],[150.70333,-33.760472],[150.703354,-33.7604],[150.703324,-33.760393],[150.703327,-33.760381],[150.703354,-33.760387],[150.703372,-33.760329],[150.703367,-33.760328],[150.703377,-33.760298],[150.703219,-33.760262]]]},"properties":{"id":"b_000307","label":"59 Doonmore Street, Penrith","suburb":"Penrith","storeys":3,"storeys_source":"assumed","flats_est":4,"footprint_m2":280.3,"roof_m2":280.3,"heat_anomaly_c":1.27,"heat_band":"hottest","renter_share":0.67,"quick_score":68}},{"type":"Feature","geometry":{"type":"Polygon","coordinates":[[[150.703092,-33.760649],[150.70325,-33.760685],[150.70326,-33.760654],[150.703265,-33.760655],[150.703283,-33.760598],[150.703257,-33.760592],[150.703261,-33.76058],[150.703291,-33.760587],[150.703315,-33.760515],[150.70318,-33.760484],[150.703157,-33.760556],[150.703182,-33.760561],[150.703177,-33.760576],[150.703108,-33.760561],[150.703089,-33.760617],[150.703101,-33.76062],[150.703092,-33.760649]]]},"properties":{"id":"b_000308","label":"61 Doonmore Street, Penrith","suburb":"Penrith","storeys":3,"storeys_source":"assumed","flats_est":6,"footprint_m2":280.2,"roof_m2":280.2,"heat_anomaly_c":1.23,"heat_band":"hottest","renter_share":0.67,"quick_score":67}},{"type":"Feature","geometry":{"type":"Polygon","coordinates":[[[150.702206,-33.7599],[150.702203,-33.759907],[150.702083,-33.759883],[150.702085,-33.759875],[150.702028,-33.759864],[150.702021,-33.759889],[150.702004,-33.759886],[150.701993,-33.759926],[150.702009,-33.759929],[150.702,-33.759961],[150.702051,-33.759971],[150.702052,-33.759966],[150.702195,-33.759994],[150.702193,-33.76],[150.702241,-33.76001],[150.702246,-33.759994],[150.702297,-33.760004],[150.702315,-33.759939],[150.702255,-33.759927],[150.70226,-33.75991],[150.702206,-33.7599]]]},"properties":{"id":"b_000309","label":"12-20 Tornaros Avenue, Penrith (block 2 of 4)","suburb":"Penrith","storeys":3,"storeys_source":"assumed","flats_est":5,"footprint_m2":278.2,"roof_m2":278.2,"heat_anomaly_c":1.35,"heat_band":"hottest","renter_share":0.67,"quick_score":69}},{"type":"Feature","geometry":{"type":"Polygon","coordinates":[[[150.702044,-33.760054],[150.702021,-33.760133],[150.702026,-33.760134],[150.702017,-33.760167],[150.702113,-33.760186],[150.702119,-33.760166],[150.702143,-33.760171],[150.702137,-33.76019],[150.70223,-33.760208],[150.702239,-33.760177],[150.702245,-33.760178],[150.702268,-33.760097],[150.70221,-33.760086],[150.702208,-33.760094],[150.7021,-33.760073],[150.702102,-33.760065],[150.702044,-33.760054]]]},"properties":{"id":"b_000310","label":"12-20 Tornaros Avenue, Penrith (block 4 of 4)","suburb":"Penrith","storeys":3,"storeys_source":"assumed","flats_est":4,"footprint_m2":255.2,"roof_m2":255.2,"heat_anomaly_c":1.27,"heat_band":"hottest","renter_share":0.67,"quick_score":68}},{"type":"Feature","geometry":{"type":"Polygon","coordinates":[[[150.701828,-33.760014],[150.701767,-33.760002],[150.701765,-33.760009],[150.701716,-33.759999],[150.701715,-33.760005],[150.701706,-33.760004],[150.70171,-33.759991],[150.70166,-33.759981],[150.701662,-33.759973],[150.701606,-33.759961],[150.701604,-33.759969],[150.701553,-33.759959],[150.701556,-33.759951],[150.701502,-33.75994],[150.701478,-33.760019],[150.701484,-33.76002],[150.701475,-33.760052],[150.701672,-33.760091],[150.701681,-33.760061],[150.701703,-33.760065],[150.7017,-33.760075],[150.701704,-33.760076],[150.701695,-33.760109],[150.70179,-33.760128],[150.701799,-33.760098],[150.701804,-33.760099],[150.701828,-33.760014]]]},"properties":{"id":"b_000311","label":"12-20 Tornaros Avenue, Penrith (block 3 of 4)","suburb":"Penrith","storeys":3,"storeys_source":"assumed","flats_est":6,"footprint_m2":372.3,"roof_m2":372.3,"heat_anomaly_c":1.26,"heat_band":"hottest","renter_share":0.67,"quick_score":68}},{"type":"Feature","geometry":{"type":"Polygon","coordinates":[[[150.701726,-33.759802],[150.701716,-33.759838],[150.70171,-33.759836],[150.701697,-33.759881],[150.701722,-33.759886],[150.701719,-33.759898],[150.701766,-33.759907],[150.70177,-33.759895],[150.701788,-33.759899],[150.701786,-33.759909],[150.701829,-33.759918],[150.701832,-33.759908],[150.701849,-33.759912],[150.701846,-33.759923],[150.701891,-33.759932],[150.701895,-33.75992],[150.701921,-33.759926],[150.701934,-33.759883],[150.701929,-33.759882],[150.701939,-33.759846],[150.701887,-33.759836],[150.701885,-33.759845],[150.701773,-33.759822],[150.701776,-33.759813],[150.701726,-33.759802]]]},"properties":{"id":"b_000312","label":"12-20 Tornaros Avenue, Penrith (block 1 of 4)","suburb":"Penrith","storeys":3,"storeys_source":"assumed","flats_est":3,"footprint_m2":194.1,"roof_m2":194.1,"heat_anomaly_c":1.31,"heat_band":"hottest","renter_share":0.67,"quick_score":68}},{"type":"Feature","geometry":{"type":"Polygon","coordinates":[[[150.701077,-33.759743],[150.701064,-33.75979],[150.701078,-33.759793],[150.701065,-33.759839],[150.70116,-33.759857],[150.701169,-33.759824],[150.701222,-33.759835],[150.701215,-33.759858],[150.701294,-33.759874],[150.701318,-33.75979],[150.701077,-33.759743]]]},"properties":{"id":"b_000313","label":"64 Evan Street, Penrith","suburb":"Penrith","storeys":3,"storeys_source":"assumed","flats_est":5,"footprint_m2":208.8,"roof_m2":208.8,"heat_anomaly_c":1.22,"heat_band":"hottest","renter_share":0.67,"quick_score":66}},{"type":"Feature","geometry":{"type":"Polygon","coordinates":[[[150.69908,-33.756907],[150.699163,-33.756652],[150.699055,-33.756628],[150.698972,-33.756883],[150.69908,-33.756907]]]},"properties":{"id":"b_000314","label":"134-136 Lethbridge Street, Penrith","suburb":"Penrith","storeys":3,"storeys_source":"assumed","flats_est":18,"footprint_m2":303.9,"roof_m2":303.9,"heat_anomaly_c":0.49,"heat_band":"hot","renter_share":0.778,"quick_score":69}},{"type":"Feature","geometry":{"type":"Polygon","coordinates":[[[150.706551,-33.761825],[150.706581,-33.761716],[150.706486,-33.761698],[150.706489,-33.761686],[150.706448,-33.761678],[150.706441,-33.761703],[150.706338,-33.761684],[150.706331,-33.76171],[150.706246,-33.761694],[150.706193,-33.761888],[150.706309,-33.76191],[150.70632,-33.761871],[150.706331,-33.761873],[150.706341,-33.761838],[150.70633,-33.761836],[150.706353,-33.76175],[150.70642,-33.761763],[150.706412,-33.761794],[150.706449,-33.761801],[150.706446,-33.761811],[150.706491,-33.76182],[150.706492,-33.761813],[150.706551,-33.761825]]]},"properties":{"id":"b_000315","label":"47 Colless Street, Penrith","suburb":"Penrith","storeys":3,"storeys_source":"assumed","flats_est":10,"footprint_m2":472.7,"roof_m2":472.7,"heat_anomaly_c":0.56,"heat_band":"hot","renter_share":0.563,"quick_score":47}},{"type":"Feature","geometry":{"type":"Polygon","coordinates":[[[150.704752,-33.761704],[150.70472,-33.761806],[150.704862,-33.761837],[150.704894,-33.761735],[150.704752,-33.761704]]]},"properties":{"id":"b_000316","label":"146 Stafford Street, Penrith","suburb":"Penrith","storeys":3,"storeys_source":"assumed","flats_est":4,"footprint_m2":158.7,"roof_m2":158.7,"heat_anomaly_c":1.12,"heat_band":"hottest","renter_share":0.563,"quick_score":57}},{"type":"Feature","geometry":{"type":"Polygon","coordinates":[[[150.704375,-33.761309],[150.7043,-33.761541],[150.704416,-33.761567],[150.704491,-33.761334],[150.704375,-33.761309]]]},"properties":{"id":"b_000317","label":"150-152 Stafford Street, Penrith (block 1 of 3)","suburb":"Penrith","storeys":3,"storeys_source":"assumed","flats_est":7,"footprint_m2":295.8,"roof_m2":295.8,"heat_anomaly_c":1.42,"heat_band":"hottest","renter_share":0.563,"quick_score":63}},{"type":"Feature","geometry":{"type":"Polygon","coordinates":[[[150.704668,-33.761368],[150.704552,-33.761342],[150.704476,-33.761576],[150.704592,-33.761602],[150.704668,-33.761368]]]},"properties":{"id":"b_000318","label":"150-152 Stafford Street, Penrith (block 2 of 3)","suburb":"Penrith","storeys":3,"storeys_source":"assumed","flats_est":7,"footprint_m2":299.8,"roof_m2":299.8,"heat_anomaly_c":1.38,"heat_band":"hottest","renter_share":0.563,"quick_score":62}},{"type":"Feature","geometry":{"type":"Polygon","coordinates":[[[150.704502,-33.761618],[150.704495,-33.761639],[150.704456,-33.761631],[150.704447,-33.761658],[150.704356,-33.761637],[150.704369,-33.761597],[150.704288,-33.761579],[150.704249,-33.761701],[150.704437,-33.761743],[150.70444,-33.761735],[150.704541,-33.761757],[150.704581,-33.761635],[150.704502,-33.761618]]]},"properties":{"id":"b_000319","label":"150-152 Stafford Street, Penrith (block 3 of 3)","suburb":"Penrith","storeys":3,"storeys_source":"assumed","flats_est":8,"footprint_m2":341.8,"roof_m2":341.8,"heat_anomaly_c":1.42,"heat_band":"hottest","renter_share":0.563,"quick_score":63}},{"type":"Feature","geometry":{"type":"Polygon","coordinates":[[[150.704591,-33.761754],[150.704692,-33.761777],[150.704815,-33.761397],[150.704715,-33.761375],[150.704698,-33.761425],[150.704723,-33.761431],[150.704702,-33.761495],[150.704679,-33.76149],[150.704655,-33.761562],[150.704678,-33.761567],[150.704647,-33.761663],[150.704622,-33.761657],[150.704591,-33.761754]]]},"properties":{"id":"b_000320","label":"148 Stafford Street, Penrith","suburb":"Penrith","storeys":3,"storeys_source":"assumed","flats_est":5,"footprint_m2":375.1,"roof_m2":375.1,"heat_anomaly_c":1.32,"heat_band":"hottest","renter_share":0.563,"quick_score":61}},{"type":"Feature","geometry":{"type":"Polygon","coordinates":[[[150.704483,-33.762118],[150.704505,-33.762123],[150.704491,-33.762163],[150.704473,-33.762159],[150.704468,-33.762172],[150.704463,-33.762171],[150.704461,-33.762177],[150.704453,-33.762175],[150.704438,-33.762221],[150.704534,-33.762243],[150.704663,-33.76186],[150.704564,-33.761838],[150.704531,-33.761935],[150.704539,-33.761936],[150.704534,-33.761952],[150.704557,-33.761957],[150.704536,-33.76202],[150.704518,-33.762016],[150.704483,-33.762118]]]},"properties":{"id":"b_000321","label":"17 Cronin Street, Penrith","suburb":"Penrith","storeys":3,"storeys_source":"assumed","flats_est":5,"footprint_m2":363.1,"roof_m2":363.1,"heat_anomaly_c":0.97,"heat_band":"hot","renter_share":0.563,"quick_score":55}},{"type":"Feature","geometry":{"type":"Polygon","coordinates":[[[150.70326,-33.761744],[150.703237,-33.761831],[150.70326,-33.761836],[150.703257,-33.761849],[150.703302,-33.761857],[150.703304,-33.761848],[150.703402,-33.761865],[150.703399,-33.761877],[150.703445,-33.761885],[150.703449,-33.761874],[150.703474,-33.761878],[150.703498,-33.761788],[150.70326,-33.761744]]]},"properties":{"id":"b_000322","label":"27 Cronin Street, Penrith","suburb":"Penrith","storeys":3,"storeys_source":"assumed","flats_est":4,"footprint_m2":242.5,"roof_m2":242.5,"heat_anomaly_c":1.23,"heat_band":"hottest","renter_share":0.563,"quick_score":59}},{"type":"Feature","geometry":{"type":"Polygon","coordinates":[[[150.691902,-33.761272],[150.691866,-33.761446],[150.691856,-33.761444],[150.691844,-33.761503],[150.69185,-33.761504],[150.691849,-33.76151],[150.691951,-33.761525],[150.691953,-33.761515],[150.691958,-33.761516],[150.691969,-33.761465],[150.691961,-33.761464],[150.691971,-33.761417],[150.691978,-33.761418],[150.691991,-33.761352],[150.691983,-33.761351],[150.691986,-33.761336],[150.692004,-33.761339],[150.692017,-33.761275],[150.692013,-33.761274],[150.692015,-33.761265],[150.691955,-33.761257],[150.691902,-33.761272]]]},"properties":{"id":"b_000323","label":"293 Jamison Road, Penrith (block 2 of 2)","suburb":"Penrith","storeys":3,"storeys_source":"assumed","flats_est":7,"footprint_m2":286.9,"roof_m2":286.9,"heat_anomaly_c":-0.12,"heat_band":"average","renter_share":0.591,"quick_score":27}},{"type":"Feature","geometry":{"type":"Polygon","coordinates":[[[150.692038,-33.761241],[150.692028,-33.761287],[150.692053,-33.761291],[150.692051,-33.761303],[150.692069,-33.761306],[150.692066,-33.761321],[150.692073,-33.761322],[150.692064,-33.761367],[150.692058,-33.761366],[150.692045,-33.761426],[150.692158,-33.761442],[150.692177,-33.761352],[150.69216,-33.76135],[150.692169,-33.761307],[150.692071,-33.761233],[150.692038,-33.761241]]]},"properties":{"id":"b_000324","label":"293 Jamison Road, Penrith (block 1 of 2)","suburb":"Penrith","storeys":3,"storeys_source":"assumed","flats_est":5,"footprint_m2":202.6,"roof_m2":202.6,"heat_anomaly_c":0.04,"heat_band":"average","renter_share":0.591,"quick_score":30}},{"type":"Feature","geometry":{"type":"Polygon","coordinates":[[[150.692255,-33.761366],[150.692194,-33.761421],[150.692201,-33.761426],[150.692187,-33.761437],[150.692198,-33.761445],[150.692171,-33.761471],[150.692185,-33.761482],[150.692164,-33.761501],[150.692232,-33.761556],[150.692307,-33.761489],[150.692301,-33.761483],[150.692348,-33.761441],[150.692255,-33.761366]]]},"properties":{"id":"b_000325","label":"109 Castlereagh Street, Penrith","suburb":"Penrith","storeys":3,"storeys_source":"assumed","flats_est":4,"footprint_m2":187.1,"roof_m2":187.1,"heat_anomaly_c":0.01,"heat_band":"average","renter_share":0.591,"quick_score":30}},{"type":"Feature","geometry":{"type":"Polygon","coordinates":[[[150.693161,-33.760252],[150.692968,-33.760421],[150.692988,-33.76043],[150.692982,-33.760435],[150.693102,-33.760487],[150.693144,-33.76045],[150.693125,-33.760435],[150.69322,-33.760352],[150.693238,-33.760366],[150.69327,-33.760338],[150.693161,-33.760252]]]},"properties":{"id":"b_000326","label":"95 Castlereagh Street, Penrith (block 1 of 2)","suburb":"Penrith","storeys":3,"storeys_source":"assumed","flats_est":7,"footprint_m2":313.7,"roof_m2":313.7,"heat_anomaly_c":0.19,"heat_band":"warm","renter_share":0.591,"quick_score":35}},{"type":"Feature","geometry":{"type":"Polygon","coordinates":[[[150.693248,-33.760359],[150.693163,-33.760435],[150.693273,-33.760518],[150.69326,-33.760531],[150.693299,-33.760562],[150.693306,-33.760556],[150.693338,-33.760582],[150.693385,-33.760533],[150.69338,-33.760529],[150.693445,-33.76047],[150.693378,-33.76042],[150.693354,-33.760441],[150.693248,-33.760359]]]},"properties":{"id":"b_000327","label":"95 Castlereagh Street, Penrith (block 2 of 2)","suburb":"Penrith","storeys":3,"storeys_source":"assumed","flats_est":7,"footprint_m2":295.4,"roof_m2":295.4,"heat_anomaly_c":0.3,"heat_band":"warm","renter_share":0.591,"quick_score":38}},{"type":"Feature","geometry":{"type":"Polygon","coordinates":[[[150.696933,-33.760586],[150.696896,-33.760568],[150.697015,-33.76039],[150.696937,-33.760354],[150.696926,-33.760371],[150.696916,-33.760366],[150.696758,-33.7606],[150.696884,-33.760659],[150.696933,-33.760586]]]},"properties":{"id":"b_000328","label":"1 Torton Place, Penrith","suburb":"Penrith","storeys":2,"storeys_source":"osm","flats_est":5,"footprint_m2":333.6,"roof_m2":333.6,"heat_anomaly_c":-0.65,"heat_band":"cooler","renter_share":0.696,"quick_score":27}},{"type":"Feature","geometry":{"type":"Polygon","coordinates":[[[150.696986,-33.760532],[150.696952,-33.760587],[150.696971,-33.760595],[150.696959,-33.760614],[150.697145,-33.760694],[150.697235,-33.76055],[150.697149,-33.760513],[150.697147,-33.760517],[150.697102,-33.760498],[150.697085,-33.760525],[150.697129,-33.760543],[150.697104,-33.760583],[150.696986,-33.760532]]]},"properties":{"id":"b_000329","label":"Block near Warwick Street","suburb":"Penrith","storeys":2,"storeys_source":"osm","flats_est":4,"footprint_m2":286.3,"roof_m2":286.3,"heat_anomaly_c":-0.44,"heat_band":"cooler","renter_share":0.696,"quick_score":29}},{"type":"Feature","geometry":{"type":"Polygon","coordinates":[[[150.697073,-33.760428],[150.697058,-33.760449],[150.697098,-33.760468],[150.697095,-33.760473],[150.697183,-33.760516],[150.697315,-33.760325],[150.69715,-33.760246],[150.697143,-33.760257],[150.697125,-33.760248],[150.697103,-33.76028],[150.697099,-33.760278],[150.697078,-33.760308],[150.697178,-33.760356],[150.697114,-33.760447],[150.697073,-33.760428]]]},"properties":{"id":"b_000330","label":"Block near Torton Place","suburb":"Penrith","storeys":2,"storeys_source":"osm","flats_est":8,"footprint_m2":333.8,"roof_m2":333.8,"heat_anomaly_c":-0.17,"heat_band":"average","renter_share":0.696,"quick_score":35}},{"type":"Feature","geometry":{"type":"Polygon","coordinates":[[[150.694444,-33.759964],[150.694428,-33.759989],[150.694421,-33.759986],[150.694401,-33.760016],[150.694405,-33.760018],[150.6944,-33.760026],[150.694457,-33.760052],[150.694464,-33.760041],[150.694586,-33.760096],[150.694577,-33.76011],[150.694718,-33.760174],[150.694734,-33.760149],[150.69476,-33.760161],[150.694816,-33.760074],[150.694755,-33.760047],[150.694729,-33.760086],[150.694679,-33.760064],[150.694693,-33.760042],[150.694632,-33.760014],[150.694628,-33.760019],[150.694519,-33.75997],[150.694523,-33.759965],[150.694471,-33.759942],[150.694454,-33.759968],[150.694444,-33.759964]]]},"properties":{"id":"b_000331","label":"80-82 Castlereagh Street, Penrith","suburb":"Penrith","storeys":3,"storeys_source":"assumed","flats_est":6,"footprint_m2":383.2,"roof_m2":383.2,"heat_anomaly_c":0.7,"heat_band":"hot","renter_share":0.696,"quick_score":62}},{"type":"Feature","geometry":{"type":"Polygon","coordinates":[[[150.686218,-33.755805],[150.686428,-33.755891],[150.686474,-33.755813],[150.686263,-33.755728],[150.686218,-33.755805]]]},"properties":{"id":"b_000332","label":"61 Mulgoa Road, Penrith (block 3 of 3)","suburb":"Penrith","storeys":2,"storeys_source":"osm","flats_est":5,"footprint_m2":208.3,"roof_m2":208.3,"heat_anomaly_c":0.07,"heat_band":"average","renter_share":0.205,"quick_score":22}},{"type":"Feature","geometry":{"type":"Polygon","coordinates":[[[150.68599,-33.755715],[150.686199,-33.755799],[150.686244,-33.75572],[150.686036,-33.755637],[150.68599,-33.755715]]]},"properties":{"id":"b_000333","label":"61 Retreat Drive, Penrith (block 2 of 2)","suburb":"Penrith","storeys":2,"storeys_source":"osm","flats_est":8,"footprint_m2":207.8,"roof_m2":207.8,"heat_anomaly_c":0.35,"heat_band":"warm","renter_share":0.205,"quick_score":31}},{"type":"Feature","geometry":{"type":"Polygon","coordinates":[[[150.685773,-33.755607],[150.685982,-33.755691],[150.686028,-33.755612],[150.685819,-33.755529],[150.685773,-33.755607]]]},"properties":{"id":"b_000334","label":"61 Mulgoa Road, Penrith (block 1 of 3)","suburb":"Penrith","storeys":2,"storeys_source":"osm","flats_est":5,"footprint_m2":207.4,"roof_m2":207.4,"heat_anomaly_c":0.17,"heat_band":"warm","renter_share":0.205,"quick_score":25}},{"type":"Feature","geometry":{"type":"Polygon","coordinates":[[[150.685537,-33.755551],[150.685766,-33.755581],[150.685782,-33.755496],[150.685553,-33.755466],[150.685537,-33.755551]]]},"properties":{"id":"b_000335","label":"61 Retreat Drive, Penrith (block 1 of 2)","suburb":"Penrith","storeys":2,"storeys_source":"osm","flats_est":7,"footprint_m2":205.7,"roof_m2":205.7,"heat_anomaly_c":0.03,"heat_band":"average","renter_share":0.205,"quick_score":21}},{"type":"Feature","geometry":{"type":"Polygon","coordinates":[[[150.685463,-33.755608],[150.685442,-33.755695],[150.685677,-33.755735],[150.685698,-33.755648],[150.685463,-33.755608]]]},"properties":{"id":"b_000336","label":"61 Mulgoa Road, Penrith (block 2 of 3)","suburb":"Penrith","storeys":2,"storeys_source":"osm","flats_est":5,"footprint_m2":219.1,"roof_m2":219.1,"heat_anomaly_c":-0.45,"heat_band":"cooler","renter_share":0.205,"quick_score":9}},{"type":"Feature","geometry":{"type":"Polygon","coordinates":[[[150.699175,-33.759956],[150.699157,-33.760011],[150.699192,-33.760019],[150.699189,-33.760026],[150.699184,-33.760025],[150.699171,-33.760063],[150.699224,-33.760075],[150.699226,-33.760068],[150.699263,-33.760076],[150.699262,-33.760078],[150.699295,-33.760086],[150.699298,-33.760078],[150.699377,-33.760096],[150.699383,-33.760079],[150.699461,-33.760097],[150.699457,-33.760109],[150.699507,-33.76012],[150.699524,-33.760066],[150.699504,-33.760061],[150.699516,-33.760027],[150.699524,-33.760028],[150.699533,-33.760003],[150.699525,-33.760001],[150.699536,-33.759969],[150.699545,-33.759971],[150.699554,-33.759942],[150.699512,-33.759933],[150.699518,-33.759914],[150.699554,-33.759921],[150.699565,-33.759887],[150.699574,-33.759889],[150.699584,-33.759858],[150.69954,-33.759848],[150.699542,-33.759842],[150.699432,-33.759818],[150.699413,-33.759877],[150.699423,-33.759879],[150.699422,-33.759892],[150.699438,-33.759896],[150.699434,-33.759906],[150.699406,-33.7599],[150.699383,-33.75997],[150.699414,-33.759977],[150.699407,-33.759999],[150.699423,-33.760002],[150.699415,-33.760028],[150.69939,-33.760023],[150.699396,-33.760002],[150.699336,-33.759988],[150.699332,-33.759999],[150.699295,-33.759991],[150.699303,-33.759968],[150.699221,-33.759937],[150.699212,-33.759964],[150.699175,-33.759956]]]},"properties":{"id":"b_000337","label":"17 Hand Avenue, Penrith","suburb":"Penrith","storeys":3,"storeys_source":"assumed","flats_est":17,"footprint_m2":611.8,"roof_m2":611.8,"heat_anomaly_c":0.86,"heat_band":"hot","renter_share":0.612,"quick_score":57}},{"type":"Feature","geometry":{"type":"Polygon","coordinates":[[[150.699336,-33.759558],[150.699304,-33.759659],[150.699373,-33.759674],[150.699372,-33.759676],[150.6994,-33.759682],[150.699406,-33.759665],[150.699491,-33.759683],[150.699487,-33.759696],[150.699452,-33.759689],[150.699432,-33.759756],[150.699535,-33.759778],[150.699537,-33.75977],[150.699579,-33.759779],[150.699587,-33.759753],[150.69958,-33.759751],[150.699594,-33.759704],[150.69962,-33.75971],[150.699628,-33.759681],[150.699646,-33.759684],[150.69966,-33.759634],[150.699473,-33.759595],[150.699476,-33.759586],[150.699428,-33.759576],[150.699422,-33.759595],[150.699336,-33.759558]]]},"properties":{"id":"b_000338","label":"15 Hand Avenue, Penrith","suburb":"Penrith","storeys":3,"storeys_source":"assumed","flats_est":10,"footprint_m2":413.3,"roof_m2":413.3,"heat_anomaly_c":0.45,"heat_band":"warm","renter_share":0.612,"quick_score":46}},{"type":"Feature","geometry":{"type":"Polygon","coordinates":[[[150.699894,-33.758429],[150.699883,-33.758462],[150.699864,-33.758457],[150.69985,-33.758499],[150.699879,-33.758506],[150.699874,-33.758519],[150.699849,-33.758513],[150.699831,-33.758569],[150.699852,-33.758573],[150.699837,-33.758617],[150.699819,-33.758612],[150.699801,-33.758665],[150.699828,-33.758671],[150.699823,-33.758686],[150.699764,-33.758672],[150.699752,-33.758706],[150.699773,-33.758711],[150.699765,-33.758734],[150.699907,-33.758767],[150.69992,-33.758728],[150.699897,-33.758723],[150.699903,-33.758708],[150.69991,-33.758709],[150.699916,-33.75869],[150.699942,-33.758696],[150.699952,-33.758666],[150.69996,-33.758668],[150.699989,-33.758581],[150.699982,-33.758579],[150.699993,-33.758547],[150.699967,-33.758541],[150.699971,-33.75853],[150.699993,-33.758535],[150.700003,-33.758504],[150.700019,-33.758507],[150.700034,-33.758461],[150.699894,-33.758429]]]},"properties":{"id":"b_000339","label":"3 Hand Avenue, Penrith","suburb":"Penrith","storeys":3,"storeys_source":"assumed","flats_est":8,"footprint_m2":476.7,"roof_m2":476.7,"heat_anomaly_c":-0.07,"heat_band":"average","renter_share":0.612,"quick_score":30}},{"type":"Feature","geometry":{"type":"Polygon","coordinates":[[[150.703632,-33.76234],[150.70356,-33.762568],[150.703662,-33.76259],[150.703734,-33.762362],[150.703632,-33.76234]]]},"properties":{"id":"b_000340","label":"28 Cronin Street, Penrith","suburb":"Penrith","storeys":3,"storeys_source":"assumed","flats_est":6,"footprint_m2":255.6,"roof_m2":255.6,"heat_anomaly_c":0.65,"heat_band":"hot","renter_share":0.563,"quick_score":48}},{"type":"Feature","geometry":{"type":"Polygon","coordinates":[[[150.704747,-33.7629],[150.704547,-33.762876],[150.704532,-33.762965],[150.704732,-33.762988],[150.704747,-33.7629]]]},"properties":{"id":"b_000341","label":"141 Jamison Road, Penrith","suburb":"Penrith","storeys":3,"storeys_source":"assumed","flats_est":3,"footprint_m2":186.5,"roof_m2":186.5,"heat_anomaly_c":-0.28,"heat_band":"average","renter_share":0.563,"quick_score":20}},{"type":"Feature","geometry":{"type":"Polygon","coordinates":[[[150.703544,-33.762623],[150.703496,-33.762774],[150.703598,-33.762796],[150.703645,-33.762645],[150.703544,-33.762623]]]},"properties":{"id":"b_000342","label":"153 Jamison Road, Penrith","suburb":"Penrith","storeys":3,"storeys_source":"assumed","flats_est":5,"footprint_m2":167.9,"roof_m2":167.9,"heat_anomaly_c":0.27,"heat_band":"warm","renter_share":0.563,"quick_score":36}},{"type":"Feature","geometry":{"type":"Polygon","coordinates":[[[150.703484,-33.762799],[150.703459,-33.76288],[150.703465,-33.762881],[150.703457,-33.762905],[150.703451,-33.762903],[150.703413,-33.763025],[150.703513,-33.763047],[150.703585,-33.762822],[150.703484,-33.762799]]]},"properties":{"id":"b_000343","label":"155 Jamison Road, Penrith","suburb":"Penrith","storeys":3,"storeys_source":"assumed","flats_est":6,"footprint_m2":247.7,"roof_m2":247.7,"heat_anomaly_c":0.12,"heat_band":"average","renter_share":0.563,"quick_score":30}},{"type":"Feature","geometry":{"type":"Polygon","coordinates":[[[150.700538,-33.761372],[150.700523,-33.761428],[150.700536,-33.761431],[150.700524,-33.761478],[150.700582,-33.761489],[150.700585,-33.761476],[150.700657,-33.761489],[150.700659,-33.761479],[150.700719,-33.76149],[150.700713,-33.761512],[150.700779,-33.761524],[150.700783,-33.761511],[150.700855,-33.761524],[150.700875,-33.761447],[150.700806,-33.761434],[150.700809,-33.761423],[150.70074,-33.76141],[150.700735,-33.761428],[150.700674,-33.761417],[150.700676,-33.761409],[150.700608,-33.761397],[150.700611,-33.761385],[150.700538,-33.761372]]]},"properties":{"id":"b_000344","label":"24A Jipp Street, Penrith","suburb":"Penrith","storeys":3,"storeys_source":"assumed","flats_est":7,"footprint_m2":307.7,"roof_m2":307.7,"heat_anomaly_c":1.09,"heat_band":"hottest","renter_share":0.67,"quick_score":64}},{"type":"Feature","geometry":{"type":"Polygon","coordinates":[[[150.710447,-33.763764],[150.710379,-33.763975],[150.710494,-33.764],[150.710562,-33.763789],[150.710447,-33.763764]]]},"properties":{"id":"b_000345","label":"Block near Jamison Road (block 1 of 3)","suburb":"Kingswood","storeys":3,"storeys_source":"assumed","flats_est":6,"footprint_m2":267.5,"roof_m2":267.5,"heat_anomaly_c":1.51,"heat_band":"hottest","renter_share":0.521,"quick_score":59}},{"type":"Feature","geometry":{"type":"Polygon","coordinates":[[[150.71052,-33.763536],[150.710452,-33.763747],[150.710567,-33.763772],[150.710635,-33.763561],[150.71052,-33.763536]]]},"properties":{"id":"b_000346","label":"87 Jamison Road, Kingswood (block 2 of 2)","suburb":"Kingswood","storeys":3,"storeys_source":"assumed","flats_est":5,"footprint_m2":267.7,"roof_m2":267.7,"heat_anomaly_c":1.4,"heat_band":"hottest","renter_share":0.521,"quick_score":58}},{"type":"Feature","geometry":{"type":"Polygon","coordinates":[[[150.710595,-33.763308],[150.710526,-33.763519],[150.710642,-33.763545],[150.71071,-33.763334],[150.710595,-33.763308]]]},"properties":{"id":"b_000347","label":"87 Jamison Road, Kingswood (block 1 of 2)","suburb":"Kingswood","storeys":3,"storeys_source":"assumed","flats_est":4,"footprint_m2":267.5,"roof_m2":267.5,"heat_anomaly_c":1.22,"heat_band":"hottest","renter_share":0.521,"quick_score":54}},{"type":"Feature","geometry":{"type":"Polygon","coordinates":[[[150.710823,-33.7633],[150.710755,-33.763506],[150.710867,-33.763531],[150.710935,-33.763326],[150.710823,-33.7633]]]},"properties":{"id":"b_000348","label":"Block near Parker Street","suburb":"Kingswood","storeys":3,"storeys_source":"assumed","flats_est":6,"footprint_m2":255.3,"roof_m2":255.3,"heat_anomaly_c":1.31,"heat_band":"hottest","renter_share":0.521,"quick_score":56}},{"type":"Feature","geometry":{"type":"Polygon","coordinates":[[[150.710643,-33.763853],[150.710597,-33.763994],[150.710709,-33.764019],[150.710755,-33.763878],[150.710643,-33.763853]]]},"properties":{"id":"b_000349","label":"Block near Jamison Road (block 2 of 3)","suburb":"Kingswood","storeys":3,"storeys_source":"assumed","flats_est":4,"footprint_m2":174.5,"roof_m2":174.5,"heat_anomaly_c":1.58,"heat_band":"hottest","renter_share":0.521,"quick_score":60}},{"type":"Feature","geometry":{"type":"Polygon","coordinates":[[[150.710696,-33.763687],[150.71065,-33.763828],[150.710762,-33.763854],[150.710808,-33.763713],[150.710696,-33.763687]]]},"properties":{"id":"b_000350","label":"85 Jamison Road, Kingswood (block 2 of 2)","suburb":"Kingswood","storeys":3,"storeys_source":"assumed","flats_est":4,"footprint_m2":174.3,"roof_m2":174.3,"heat_anomaly_c":1.54,"heat_band":"hottest","renter_share":0.521,"quick_score":60}},{"type":"Feature","geometry":{"type":"Polygon","coordinates":[[[150.710751,-33.763522],[150.710705,-33.763663],[150.710817,-33.763688],[150.710863,-33.763547],[150.710751,-33.763522]]]},"properties":{"id":"b_000351","label":"85 Jamison Road, Kingswood (block 1 of 2)","suburb":"Kingswood","storeys":3,"storeys_source":"assumed","flats_est":5,"footprint_m2":174.4,"roof_m2":174.4,"heat_anomaly_c":1.45,"heat_band":"hottest","renter_share":0.521,"quick_score":59}},{"type":"Feature","geometry":{"type":"Polygon","coordinates":[[[150.710855,-33.763884],[150.710825,-33.763979],[150.710815,-33.763976],[150.710799,-33.764027],[150.710924,-33.764056],[150.710954,-33.763963],[150.710967,-33.763966],[150.710984,-33.763913],[150.710855,-33.763884]]]},"properties":{"id":"b_000352","label":"Block near Jamison Road (block 3 of 3)","suburb":"Kingswood","storeys":3,"storeys_source":"assumed","flats_est":5,"footprint_m2":198.9,"roof_m2":198.9,"heat_anomaly_c":1.54,"heat_band":"hottest","renter_share":0.521,"quick_score":60}},{"type":"Feature","geometry":{"type":"Polygon","coordinates":[[[150.713355,-33.763012],[150.713334,-33.763076],[150.713365,-33.763083],[150.713319,-33.763225],[150.71342,-33.763248],[150.713479,-33.763065],[150.713424,-33.763053],[150.713432,-33.763029],[150.713355,-33.763012]]]},"properties":{"id":"b_000353","label":"60 Stafford Street, Kingswood","suburb":"Kingswood","storeys":3,"storeys_source":"assumed","flats_est":5,"footprint_m2":237.1,"roof_m2":237.1,"heat_anomaly_c":0.34,"heat_band":"warm","renter_share":0.521,"quick_score":33}},{"type":"Feature","geometry":{"type":"Polygon","coordinates":[[[150.712382,-33.763296],[150.712336,-33.76344],[150.712411,-33.763456],[150.712414,-33.763446],[150.712529,-33.763472],[150.712553,-33.763398],[150.712452,-33.763376],[150.712471,-33.763316],[150.712382,-33.763296]]]},"properties":{"id":"b_000354","label":"Block near Stafford Street (block 5 of 5)","suburb":"Kingswood","storeys":3,"storeys_source":"assumed","flats_est":5,"footprint_m2":221.0,"roof_m2":221.0,"heat_anomaly_c":1.44,"heat_band":"hottest","renter_share":0.521,"quick_score":58}},{"type":"Feature","geometry":{"type":"Polygon","coordinates":[[[150.712316,-33.763306],[150.712135,-33.763267],[150.712102,-33.763372],[150.712283,-33.763411],[150.712316,-33.763306]]]},"properties":{"id":"b_000355","label":"Block near Stafford Street (block 4 of 5)","suburb":"Kingswood","storeys":3,"storeys_source":"assumed","flats_est":5,"footprint_m2":208.5,"roof_m2":208.5,"heat_anomaly_c":1.51,"heat_band":"hottest","renter_share":0.521,"quick_score":59}},{"type":"Feature","geometry":{"type":"Polygon","coordinates":[[[150.711969,-33.76337],[150.712016,-33.76338],[150.71201,-33.7634],[150.712057,-33.76341],[150.712141,-33.763141],[150.711983,-33.763107],[150.711957,-33.763189],[150.712021,-33.763203],[150.711969,-33.76337]]]},"properties":{"id":"b_000356","label":"74 Stafford Street, Kingswood","suburb":"Kingswood","storeys":3,"storeys_source":"assumed","flats_est":8,"footprint_m2":325.6,"roof_m2":325.6,"heat_anomaly_c":1.45,"heat_band":"hottest","renter_share":0.521,"quick_score":59}},{"type":"Feature","geometry":{"type":"Polygon","coordinates":[[[150.711926,-33.763314],[150.711835,-33.763293],[150.711831,-33.763303],[150.711824,-33.763302],[150.711817,-33.763321],[150.711768,-33.76331],[150.71179,-33.763244],[150.711748,-33.763235],[150.711757,-33.763208],[150.711707,-33.763196],[150.711657,-33.76335],[150.711844,-33.763392],[150.711847,-33.763385],[150.711898,-33.763397],[150.711926,-33.763314]]]},"properties":{"id":"b_000357","label":"Block near Stafford Street (block 3 of 5)","suburb":"Kingswood","storeys":3,"storeys_source":"assumed","flats_est":6,"footprint_m2":268.9,"roof_m2":268.9,"heat_anomaly_c":1.52,"heat_band":"hottest","renter_share":0.521,"quick_score":60}},{"type":"Feature","geometry":{"type":"Polygon","coordinates":[[[150.713389,-33.763319],[150.713373,-33.763368],[150.713335,-33.76336],[150.713314,-33.763427],[150.713417,-33.76345],[150.713426,-33.763423],[150.71347,-33.763433],[150.713477,-33.763412],[150.7135,-33.763418],[150.713522,-33.763348],[150.713389,-33.763319]]]},"properties":{"id":"b_000358","label":"60A Stafford Street, Kingswood","suburb":"Kingswood","storeys":3,"storeys_source":"assumed","flats_est":4,"footprint_m2":173.0,"roof_m2":173.0,"heat_anomaly_c":0.61,"heat_band":"hot","renter_share":0.521,"quick_score":43}}]}